KIHCAMGN_00001	sp|P16942|T629_SHISO	100.000	58	0	0	1	174	82	139	2.97e-33	118
KIHCAMGN_00001	sp|P11257|T341_ECOLX	98.276	58	1	0	1	174	82	139	1.59e-32	115
KIHCAMGN_00001	sp|P75680|INSO1_ECOLI	46.835	79	42	0	1	237	63	141	2.11e-19	79.3
KIHCAMGN_00001	sp|P9WKH8|TRA9_MYCTO	55.932	59	25	1	1	174	57	115	3.01e-12	62.8
KIHCAMGN_00001	sp|P9WKH9|TRA9_MYCTU	55.932	59	25	1	1	174	57	115	3.13e-12	62.8
KIHCAMGN_00001	sp|A5TY79|TRA9_MYCTA	55.932	59	25	1	1	174	57	115	3.13e-12	62.8
KIHCAMGN_00001	sp|P59800|TRA9_MYCBO	55.932	59	25	1	1	174	57	115	3.13e-12	62.8
KIHCAMGN_00001	sp|P19769|INSK_ECOLI	32.692	52	35	0	16	171	79	130	0.007	37.0
KIHCAMGN_00001	sp|O05086|Y1721_HAEIN	30.769	52	36	0	16	171	16	67	0.017	35.8
KIHCAMGN_00001	sp|Q9EVI6|LEUC_BUCUN	28.571	63	44	1	1	186	344	406	0.100	33.5
KIHCAMGN_00002	sp|P75680|INSO1_ECOLI	95.652	23	1	0	370	302	119	141	1.18e-07	50.4
KIHCAMGN_00003	sp|Q47688|YKFC_ECOLI	98.916	369	4	0	1	1107	1	369	0.0	730
KIHCAMGN_00003	sp|P0A3U1|LTRA_LACLM	31.481	378	200	10	91	1083	32	397	4.28e-50	184
KIHCAMGN_00003	sp|P0A3U0|LTRA_LACLC	31.481	378	200	10	91	1083	32	397	4.28e-50	184
KIHCAMGN_00003	sp|P38478|YMF40_MARPO	36.228	334	173	9	94	1011	12	333	2.44e-49	180
KIHCAMGN_00003	sp|P03876|AI2M_YEAST	30.864	324	173	7	133	1011	310	613	9.45e-43	166
KIHCAMGN_00003	sp|B1N1A3|NICA1_PSEP6	31.389	360	196	9	40	1002	17	364	6.81e-37	147
KIHCAMGN_00003	sp|P03875|AI1M_YEAST	32.710	321	175	9	130	1011	271	577	9.58e-36	145
KIHCAMGN_00003	sp|P05511|YMC6_SCHPO	27.960	397	227	12	223	1263	284	671	2.64e-35	144
KIHCAMGN_00003	sp|P19593|RDPO_TETOB	27.313	454	245	19	106	1410	69	456	2.44e-31	131
KIHCAMGN_00003	sp|Q9FJR9|NMAT2_ARATH	22.153	483	271	15	100	1275	106	574	2.70e-23	107
KIHCAMGN_00004	sp|P16942|T629_SHISO	98.649	148	2	0	1	444	149	296	6.61e-104	301
KIHCAMGN_00004	sp|P9WKH9|TRA9_MYCTU	53.425	146	61	2	1	417	125	270	2.54e-50	165
KIHCAMGN_00004	sp|A5TY79|TRA9_MYCTA	53.425	146	61	2	1	417	125	270	2.54e-50	165
KIHCAMGN_00004	sp|P59800|TRA9_MYCBO	53.425	146	61	2	1	417	125	270	2.54e-50	165
KIHCAMGN_00004	sp|P9WKH8|TRA9_MYCTO	52.740	146	62	2	1	417	125	270	2.27e-49	162
KIHCAMGN_00004	sp|P11257|T341_ECOLX	98.113	53	1	0	119	277	188	240	2.34e-35	86.3
KIHCAMGN_00004	sp|P35878|T904_LACLA	35.766	137	86	2	1	405	114	250	1.88e-21	90.1
KIHCAMGN_00004	sp|P0CF85|INSF_ECO11	32.353	136	90	2	1	402	148	283	3.47e-17	79.3
KIHCAMGN_00004	sp|P0CF84|INSF6_ECOLI	32.353	136	90	2	1	402	148	283	3.47e-17	79.3
KIHCAMGN_00004	sp|P0CF83|INSF5_ECOLI	32.353	136	90	2	1	402	148	283	3.47e-17	79.3
KIHCAMGN_00005	sp|Q9EZE7|ESPC_ECO27	45.349	172	92	2	4	516	968	1138	1.08e-39	147
KIHCAMGN_00005	sp|Q84GK0|EATA_ECOH1	44.767	172	93	2	4	516	1027	1197	4.28e-38	142
KIHCAMGN_00005	sp|Q7BSW5|ESPP_ECO57	41.618	173	99	2	1	516	962	1133	1.04e-37	141
KIHCAMGN_00005	sp|O32591|ESPP_ECOLX	41.040	173	100	2	1	516	962	1133	8.51e-37	138
KIHCAMGN_00005	sp|Q8VSL2|SEPA_SHIFL	41.860	172	98	2	4	516	1027	1197	3.78e-36	136
KIHCAMGN_00005	sp|Q7BS42|PIC_ECO44	46.243	173	91	2	1	516	1034	1205	2.82e-35	134
KIHCAMGN_00005	sp|Q54151|PIC_SHIFL	46.243	173	91	2	1	516	1034	1205	2.99e-35	134
KIHCAMGN_00005	sp|Q8CWC7|PIC_ECOL6	45.665	173	92	2	1	516	1033	1204	1.22e-34	132
KIHCAMGN_00005	sp|Q8FDW4|SAT_ECOL6	38.150	173	105	2	1	516	957	1128	6.44e-33	127
KIHCAMGN_00005	sp|O68900|PET_ECO44	38.728	173	104	2	1	516	957	1128	3.49e-32	125
KIHCAMGN_00006	sp|P76071|INSH5_ECOLI	100.000	68	0	0	204	1	1	68	1.26e-44	149
KIHCAMGN_00006	sp|P0CE53|INSH6_ECOLI	95.588	68	3	0	204	1	1	68	1.29e-42	144
KIHCAMGN_00006	sp|P0CE56|INSH9_ECOLI	95.588	68	3	0	204	1	1	68	1.39e-42	144
KIHCAMGN_00006	sp|P0CE55|INSH8_ECOLI	95.588	68	3	0	204	1	1	68	1.39e-42	144
KIHCAMGN_00006	sp|P0CE54|INSH7_ECOLI	95.588	68	3	0	204	1	1	68	1.39e-42	144
KIHCAMGN_00006	sp|P0CE52|INSH4_ECOLI	95.588	68	3	0	204	1	1	68	1.39e-42	144
KIHCAMGN_00006	sp|P0CE51|INSH3_ECOLI	95.588	68	3	0	204	1	1	68	1.39e-42	144
KIHCAMGN_00006	sp|P0CE50|INSH2_ECOLI	95.588	68	3	0	204	1	1	68	1.39e-42	144
KIHCAMGN_00006	sp|P0CE49|INSH1_ECOLI	95.588	68	3	0	204	1	1	68	1.39e-42	144
KIHCAMGN_00006	sp|A0A385XJE6|INH21_ECOLI	95.588	68	3	0	204	1	1	68	1.39e-42	144
KIHCAMGN_00007	sp|P76071|INSH5_ECOLI	98.990	99	1	0	297	1	93	191	6.26e-67	206
KIHCAMGN_00007	sp|P0CE53|INSH6_ECOLI	98.990	99	1	0	297	1	93	191	8.12e-67	206
KIHCAMGN_00007	sp|P0CE56|INSH9_ECOLI	98.990	99	1	0	297	1	93	191	8.58e-67	206
KIHCAMGN_00007	sp|P0CE55|INSH8_ECOLI	98.990	99	1	0	297	1	93	191	8.58e-67	206
KIHCAMGN_00007	sp|P0CE54|INSH7_ECOLI	98.990	99	1	0	297	1	93	191	8.58e-67	206
KIHCAMGN_00007	sp|P0CE52|INSH4_ECOLI	98.990	99	1	0	297	1	93	191	8.58e-67	206
KIHCAMGN_00007	sp|P0CE51|INSH3_ECOLI	98.990	99	1	0	297	1	93	191	8.58e-67	206
KIHCAMGN_00007	sp|P0CE50|INSH2_ECOLI	98.990	99	1	0	297	1	93	191	8.58e-67	206
KIHCAMGN_00007	sp|P0CE49|INSH1_ECOLI	98.990	99	1	0	297	1	93	191	8.58e-67	206
KIHCAMGN_00007	sp|A0A385XJE6|INH21_ECOLI	98.990	99	1	0	297	1	93	191	8.58e-67	206
KIHCAMGN_00008	sp|P76071|INSH5_ECOLI	97.826	92	2	0	1	276	235	326	5.92e-60	188
KIHCAMGN_00008	sp|P0CE53|INSH6_ECOLI	96.739	92	3	0	1	276	235	326	9.86e-60	188
KIHCAMGN_00008	sp|P0CE56|INSH9_ECOLI	95.652	92	4	0	1	276	235	326	2.25e-59	187
KIHCAMGN_00008	sp|P0CE55|INSH8_ECOLI	95.652	92	4	0	1	276	235	326	2.25e-59	187
KIHCAMGN_00008	sp|P0CE54|INSH7_ECOLI	95.652	92	4	0	1	276	235	326	2.25e-59	187
KIHCAMGN_00008	sp|P0CE52|INSH4_ECOLI	95.652	92	4	0	1	276	235	326	2.25e-59	187
KIHCAMGN_00008	sp|P0CE51|INSH3_ECOLI	95.652	92	4	0	1	276	235	326	2.25e-59	187
KIHCAMGN_00008	sp|P0CE50|INSH2_ECOLI	95.652	92	4	0	1	276	235	326	2.25e-59	187
KIHCAMGN_00008	sp|P0CE49|INSH1_ECOLI	95.652	92	4	0	1	276	235	326	2.25e-59	187
KIHCAMGN_00008	sp|A0A385XJE6|INH21_ECOLI	95.652	92	4	0	1	276	235	326	2.25e-59	187
KIHCAMGN_00009	sp|O33921|AGP_SALTY	78.571	70	15	0	1	210	142	211	2.79e-33	122
KIHCAMGN_00009	sp|P19926|AGP_ECOLI	74.286	70	18	0	1	210	142	211	3.91e-31	116
KIHCAMGN_00009	sp|Q52309|AGP_PRORE	38.961	77	47	0	1	231	144	220	9.55e-11	60.5
KIHCAMGN_00010	sp|P0A045|T431_STAAW	39.130	230	129	6	1	684	1	221	2.46e-47	159
KIHCAMGN_00010	sp|P0A044|T431_STAAN	39.130	230	129	6	1	684	1	221	2.46e-47	159
KIHCAMGN_00010	sp|P0A043|T431_STAAM	39.130	230	129	6	1	684	1	221	2.46e-47	159
KIHCAMGN_00010	sp|P0C1L0|T431_STAA8	39.130	230	129	6	1	684	1	221	2.46e-47	159
KIHCAMGN_00010	sp|P14506|T257_STAAU	38.696	230	130	6	1	684	1	221	3.44e-46	156
KIHCAMGN_00010	sp|P37133|Y4551_YERPS	44.444	81	45	0	223	465	13	93	1.01e-20	87.0
KIHCAMGN_00010	sp|P03365|POL_MMTVB	32.911	79	47	2	202	429	1488	1563	0.006	41.2
KIHCAMGN_00010	sp|P12894|POL_IPMAI	29.114	79	50	2	202	429	559	634	0.040	38.9
KIHCAMGN_00010	sp|P11368|POL_IPMA	29.114	79	50	2	202	429	641	716	0.042	38.9
KIHCAMGN_00011	sp|P09130|TRAD1_ECOLI	100.000	717	0	0	1	2151	1	717	0.0	1469
KIHCAMGN_00011	sp|P22708|TRAD2_ECOLX	94.197	741	16	2	1	2151	1	738	0.0	1423
KIHCAMGN_00012	sp|P19381|TRBH_ECOLI	100.000	133	0	0	399	1	4	136	1.22e-96	280
KIHCAMGN_00012	sp|O06662|VAPC_SHIFL	96.970	132	4	0	1	396	1	132	2.24e-93	268
KIHCAMGN_00012	sp|Q8ZM86|VAPC_SALTY	78.626	131	28	0	1	393	1	131	1.43e-76	226
KIHCAMGN_00012	sp|P71363|VAPC2_HAEIN	58.779	131	54	0	1	393	1	131	3.20e-54	169
KIHCAMGN_00012	sp|Q4QLW0|VAPC2_HAEI8	58.779	131	54	0	1	393	1	131	3.20e-54	169
KIHCAMGN_00012	sp|Q4UNB2|VAPC2_RICFE	36.923	130	80	1	10	393	3	132	1.65e-28	104
KIHCAMGN_00012	sp|Q4QNL7|VAPC1_HAEI8	38.168	131	79	1	10	396	3	133	1.39e-25	97.1
KIHCAMGN_00012	sp|E4QWH2|VAPC1_HAEI6	38.168	131	79	1	10	396	3	133	1.39e-25	97.1
KIHCAMGN_00012	sp|Q57122|VAPC1_HAEIN	37.405	131	80	1	10	396	3	133	6.04e-25	95.5
KIHCAMGN_00012	sp|B6HLU1|ACVA_PENRW	34.694	98	52	5	43	318	3252	3343	0.067	36.2
KIHCAMGN_00013	sp|P18355|YPFU_ECOLI	100.000	75	0	0	1	225	1	75	5.27e-50	154
KIHCAMGN_00013	sp|O06663|VAPB_SHIFL	97.333	75	2	0	1	225	1	75	7.35e-49	151
KIHCAMGN_00013	sp|P19381|TRBH_ECOLI	100.000	75	0	0	227	3	137	211	4.69e-46	149
KIHCAMGN_00013	sp|Q7CPV2|VAPB_SALTY	68.000	75	24	0	1	225	1	75	1.08e-35	118
KIHCAMGN_00013	sp|Q57120|VAPB2_HAEIN	43.421	76	42	1	1	225	2	77	1.50e-15	67.4
KIHCAMGN_00013	sp|Q4QLV9|VAPB2_HAEI8	43.421	76	42	1	1	225	2	77	1.50e-15	67.4
KIHCAMGN_00013	sp|Q4UNB3|VAPB2_RICFE	32.468	77	47	3	4	225	3	77	5.92e-05	40.4
KIHCAMGN_00013	sp|Q46558|VAPB_DICNO	34.722	72	44	2	13	225	6	75	0.001	37.4
KIHCAMGN_00013	sp|Q05459|VAGC_SALDU	29.032	62	43	1	10	195	5	65	0.010	34.7
KIHCAMGN_00014	sp|P14565|TRAI1_ECOLI	99.544	1756	8	0	1	5268	1	1756	0.0	3385
KIHCAMGN_00014	sp|P22706|TRAI2_ECOLX	95.729	1756	75	0	1	5268	1	1756	0.0	3262
KIHCAMGN_00014	sp|Q44349|TRAA_AGRFC	28.621	290	152	10	2902	3765	381	617	1.59e-09	67.0
KIHCAMGN_00014	sp|Q44363|TRAA_RHIRD	30.631	222	133	7	2899	3534	380	590	6.00e-09	65.1
KIHCAMGN_00014	sp|P55418|TRAA_SINFN	34.351	131	77	3	2950	3339	396	518	7.24e-07	58.5
KIHCAMGN_00015	sp|P22709|TRAX1_ECOLI	99.153	236	2	0	37	744	13	248	3.53e-154	431
KIHCAMGN_00015	sp|P22710|TRAX2_ECOLX	90.678	236	22	0	37	744	13	248	6.41e-134	380
KIHCAMGN_00015	sp|Q9ZCW3|Y591_RICPR	27.273	77	53	1	85	306	7	83	0.026	38.9
KIHCAMGN_00016	sp|P29367|FINO3_ECOLX	96.237	186	7	0	1	558	1	186	5.83e-109	312
KIHCAMGN_00016	sp|P08315|FINO2_ECOLX	95.699	186	8	0	1	558	1	186	1.43e-108	311
KIHCAMGN_00016	sp|P22707|FINO_ECOLI	97.312	186	5	0	1	558	1	186	9.45e-108	309
KIHCAMGN_00016	sp|Q05781|FINO4_ECOLX	96.774	186	6	0	1	558	1	186	2.40e-107	308
KIHCAMGN_00016	sp|O82922|FINO_ECO57	96.774	186	6	0	1	558	1	186	4.25e-107	307
KIHCAMGN_00018	sp|Q99342|YFI3_ECOLX	96.732	153	5	0	1	459	1	153	6.80e-107	304
KIHCAMGN_00018	sp|Q7BSX4|YFI3_ECO57	96.078	153	6	0	1	459	1	153	1.69e-106	303
KIHCAMGN_00018	sp|P29769|NUC_SHIFL	44.056	143	70	2	55	453	25	167	1.80e-30	111
KIHCAMGN_00018	sp|P22997|PARB4_ECOLX	42.254	142	72	2	55	450	26	167	5.65e-29	107
KIHCAMGN_00018	sp|Q57519|Y1296_HAEIN	38.065	155	90	3	1	450	2	155	1.16e-27	104
KIHCAMGN_00018	sp|F4IZC5|CAN1_ARATH	40.708	113	66	1	121	459	208	319	1.11e-23	97.4
KIHCAMGN_00018	sp|Q39635|Y38K_CAPSE	39.370	127	75	2	79	459	210	334	1.61e-22	94.4
KIHCAMGN_00018	sp|F4IH31|CAN2_ARATH	36.567	134	78	4	61	450	196	326	8.99e-22	92.4
KIHCAMGN_00018	sp|Q942N7|CAN1_ORYSJ	38.053	113	69	1	121	459	215	326	3.50e-21	90.9
KIHCAMGN_00018	sp|Q2QYR1|CAN3_ORYSJ	37.383	107	66	1	130	450	258	363	4.90e-19	85.5
KIHCAMGN_00021	sp|P62537|COPB_SHIFL	97.674	86	2	0	1	258	1	86	2.37e-57	173
KIHCAMGN_00021	sp|P62536|COPB3_ECOLX	97.674	86	2	0	1	258	1	86	2.37e-57	173
KIHCAMGN_00021	sp|P03847|COPB2_ECOLX	48.148	81	42	0	1	243	1	81	4.75e-22	84.7
KIHCAMGN_00021	sp|Q7BSX2|COPB_ECO57	48.148	81	42	0	1	243	1	81	5.08e-22	84.3
KIHCAMGN_00021	sp|P13959|COPB1_ECOLI	48.235	85	44	0	1	255	1	85	1.27e-20	80.9
KIHCAMGN_00022	sp|P03066|REPA2_ECOLX	96.140	285	11	0	1	855	1	285	4.09e-171	477
KIHCAMGN_00022	sp|P10396|REP1_ECOLX	97.403	77	2	0	1	231	1	77	3.28e-38	132
KIHCAMGN_00022	sp|O85060|REPA1_BUCAP	34.959	123	79	1	211	576	73	195	2.28e-20	91.7
KIHCAMGN_00022	sp|P56936|REPA1_BUCAI	29.570	186	124	4	34	570	8	193	1.33e-19	89.7
KIHCAMGN_00022	sp|Q89B46|REPA1_BUCBP	32.520	123	82	1	211	576	73	195	2.13e-19	89.0
KIHCAMGN_00022	sp|Q5WQ00|REPA1_BUCCC	36.522	115	72	1	211	552	73	187	6.27e-18	85.1
KIHCAMGN_00022	sp|O85062|REPA2_BUCAP	32.292	96	64	1	211	495	72	167	6.23e-09	58.9
KIHCAMGN_00022	sp|Q9ZEY9|REPA2_BUCAI	32.292	96	64	1	211	495	72	167	2.26e-08	57.4
KIHCAMGN_00022	sp|Q89B47|REPA2_BUCBP	33.708	89	56	2	211	474	81	167	6.74e-08	55.8
KIHCAMGN_00023	sp|P24607|T801_PSESH	58.140	86	36	0	1	258	323	408	7.71e-29	109
KIHCAMGN_00024	sp|G8QM64|MRPX_AZOOP	43.333	60	23	2	16	162	4	63	0.014	34.7
KIHCAMGN_00025	sp|G8QM63|YEDY1_AZOOP	58.943	246	96	1	43	765	16	261	2.71e-102	301
KIHCAMGN_00025	sp|Q7MR39|MSRP_WOLSU	30.968	155	89	1	328	738	96	250	1.63e-17	83.6
KIHCAMGN_00025	sp|Q8XV50|MSRP_RALN1	28.571	161	99	2	328	762	110	270	1.38e-16	81.3
KIHCAMGN_00025	sp|Q8PA98|MSRP_XANCP	30.055	183	107	3	256	741	74	256	1.72e-16	80.9
KIHCAMGN_00025	sp|Q8PLY8|MSRP_XANAC	30.769	156	92	2	322	741	101	256	1.30e-15	78.6
KIHCAMGN_00025	sp|Q62G98|MSRP_BURMA	27.329	161	101	2	328	762	114	274	2.79e-15	77.8
KIHCAMGN_00025	sp|Q63Q46|MSRP_BURPS	27.329	161	101	2	328	762	114	274	4.00e-15	77.0
KIHCAMGN_00025	sp|Q9PIC3|MSRP_CAMJE	26.380	163	103	1	325	762	82	244	9.16e-15	75.9
KIHCAMGN_00025	sp|Q5FQ05|MSRP_GLUOX	29.082	196	108	6	256	762	63	254	1.93e-14	75.1
KIHCAMGN_00025	sp|G8QMC2|MSRP_AZOOP	24.390	205	130	4	214	762	58	259	1.98e-14	75.1
KIHCAMGN_00026	sp|G8QM62|YEDZ1_AZOOP	54.737	190	86	0	25	594	8	197	3.58e-62	194
KIHCAMGN_00027	sp|P94413|YCLJ_BACSU	42.174	230	128	4	16	702	2	227	6.06e-62	196
KIHCAMGN_00027	sp|Q8DPL7|WALR_STRR6	44.737	228	122	2	13	687	2	228	2.07e-60	193
KIHCAMGN_00027	sp|A0A0H2UQ68|WALR_STRPN	44.737	228	122	2	13	687	2	228	2.07e-60	193
KIHCAMGN_00027	sp|A0A0H2ZN37|WALR_STRP2	44.737	228	122	2	13	687	2	228	2.07e-60	193
KIHCAMGN_00027	sp|Q4A160|WALR_STAS1	43.612	227	126	2	10	687	2	227	1.18e-58	188
KIHCAMGN_00027	sp|Q4LAJ9|WALR_STAHJ	44.053	227	125	2	10	687	2	227	1.27e-58	188
KIHCAMGN_00027	sp|Q8CQK0|WALR_STAES	44.053	227	125	2	10	687	2	227	1.50e-58	188
KIHCAMGN_00027	sp|Q5HK18|WALR_STAEQ	44.053	227	125	2	10	687	2	227	1.50e-58	188
KIHCAMGN_00027	sp|Q7A216|WALR_STAAW	44.053	227	125	2	10	687	2	227	6.84e-58	186
KIHCAMGN_00027	sp|Q9RDT5|WALR_STAAU	44.053	227	125	2	10	687	2	227	6.84e-58	186
KIHCAMGN_00028	sp|P35164|RESE_BACSU	34.361	227	144	4	796	1467	362	586	2.03e-32	134
KIHCAMGN_00028	sp|P23545|PHOR_BACSU	30.622	209	143	2	796	1419	348	555	5.12e-28	120
KIHCAMGN_00028	sp|Q54SP4|DHKD_DICDI	28.854	253	166	7	745	1470	189	438	2.62e-27	120
KIHCAMGN_00028	sp|Q8KIY1|TMOS_PSEME	32.751	229	147	6	796	1470	178	403	3.74e-26	116
KIHCAMGN_00028	sp|Q1XD95|YCF26_NEOYE	28.017	232	152	3	805	1458	415	645	3.71e-24	109
KIHCAMGN_00028	sp|Q2JWK9|SASA_SYNJA	29.710	276	185	6	655	1470	101	371	5.29e-24	107
KIHCAMGN_00028	sp|E0X9C7|TODS_PSEPT	31.140	228	152	5	796	1470	178	403	5.61e-24	109
KIHCAMGN_00028	sp|A5W4E3|TODS_PSEP1	31.140	228	152	5	796	1470	178	403	5.76e-24	109
KIHCAMGN_00028	sp|Q9KHI5|CIKA_SYNE7	28.235	255	179	3	715	1467	354	608	4.13e-23	106
KIHCAMGN_00028	sp|B7K3M6|SASA_RIPO1	27.459	244	168	6	760	1470	148	389	4.13e-23	104
KIHCAMGN_00029	sp|P0A045|T431_STAAW	39.130	230	129	6	1	684	1	221	2.46e-47	159
KIHCAMGN_00029	sp|P0A044|T431_STAAN	39.130	230	129	6	1	684	1	221	2.46e-47	159
KIHCAMGN_00029	sp|P0A043|T431_STAAM	39.130	230	129	6	1	684	1	221	2.46e-47	159
KIHCAMGN_00029	sp|P0C1L0|T431_STAA8	39.130	230	129	6	1	684	1	221	2.46e-47	159
KIHCAMGN_00029	sp|P14506|T257_STAAU	38.696	230	130	6	1	684	1	221	3.44e-46	156
KIHCAMGN_00029	sp|P37133|Y4551_YERPS	44.444	81	45	0	223	465	13	93	1.01e-20	87.0
KIHCAMGN_00029	sp|P03365|POL_MMTVB	32.911	79	47	2	202	429	1488	1563	0.006	41.2
KIHCAMGN_00029	sp|P12894|POL_IPMAI	29.114	79	50	2	202	429	559	634	0.040	38.9
KIHCAMGN_00029	sp|P11368|POL_IPMA	29.114	79	50	2	202	429	641	716	0.042	38.9
KIHCAMGN_00030	sp|P0C6E0|NQRC_VIBCH	37.849	251	142	4	1	732	8	251	2.59e-54	178
KIHCAMGN_00030	sp|A5F5Y7|NQRC_VIBC3	37.849	251	142	4	1	732	8	251	2.59e-54	178
KIHCAMGN_00030	sp|Q8ZBZ2|NQRC_YERPE	39.623	212	120	2	118	732	48	258	2.00e-50	169
KIHCAMGN_00030	sp|Q56582|NQRC_VIBAL	36.255	251	145	4	1	732	8	250	2.82e-50	168
KIHCAMGN_00030	sp|Q75R62|NQRC_VIBAN	35.458	251	146	4	1	732	8	249	3.33e-48	163
KIHCAMGN_00030	sp|Q7MIC9|NQRC_VIBVY	35.918	245	142	5	19	732	13	249	5.43e-47	159
KIHCAMGN_00030	sp|Q8DBJ4|NQRC_VIBVU	35.918	245	142	5	19	732	13	249	5.43e-47	159
KIHCAMGN_00030	sp|Q87MA8|NQRC_VIBPA	37.200	250	137	6	19	732	14	255	7.62e-47	159
KIHCAMGN_00030	sp|P43957|NQRC_HAEIN	35.833	240	131	6	43	747	23	244	8.86e-47	159
KIHCAMGN_00030	sp|Q9CLA9|NQRC_PASMU	35.223	247	150	5	10	732	10	252	5.92e-46	157
KIHCAMGN_00031	sp|P39595|EFEU_BACSU	33.898	177	111	3	1255	1779	276	448	7.08e-19	93.6
KIHCAMGN_00031	sp|Q66BP6|EFEU_YERPS	32.331	133	78	4	1282	1668	71	195	2.12e-06	53.5
KIHCAMGN_00031	sp|Q1CHD3|EFEU_YERPN	32.331	133	78	4	1282	1668	68	192	2.13e-06	53.5
KIHCAMGN_00031	sp|Q0WFU0|EFEU_YERPE	32.331	133	78	4	1282	1668	68	192	2.13e-06	53.5
KIHCAMGN_00031	sp|Q1C8M3|EFEU_YERPA	32.331	133	78	4	1282	1668	68	192	2.13e-06	53.5
KIHCAMGN_00031	sp|Q8FJ36|EFEU_ECOL6	28.814	236	136	8	1084	1755	1	216	1.11e-05	51.2
KIHCAMGN_00031	sp|Q83LK5|EFEU_SHIFL	31.707	164	91	6	1282	1755	27	175	1.37e-05	50.4
KIHCAMGN_00031	sp|Q0T618|EFEU_SHIF8	30.000	160	99	4	1282	1755	27	175	2.12e-05	50.1
KIHCAMGN_00031	sp|P75901|EFEU_ECOLI	28.390	236	137	8	1084	1755	1	216	2.24e-05	50.4
KIHCAMGN_00031	sp|Q3Z398|EFEU_SHISS	31.707	164	91	6	1282	1755	68	216	3.68e-05	49.7
KIHCAMGN_00032	sp|Q8YBL4|Y885_BRUME	56.291	151	63	1	76	519	25	175	1.87e-55	176
KIHCAMGN_00032	sp|Q2YK40|Y840_BRUA2	56.291	151	63	1	76	519	25	175	1.87e-55	176
KIHCAMGN_00032	sp|Q577H1|Y820_BRUAB	56.291	151	63	1	76	519	25	175	1.87e-55	176
KIHCAMGN_00032	sp|Q8FWR4|Y381_BRUSU	56.291	151	63	1	76	519	25	175	1.87e-55	176
KIHCAMGN_00032	sp|P19478|TA34_TREPA	42.446	139	76	4	79	483	49	187	7.16e-29	108
KIHCAMGN_00034	sp|Q58902|Y1507_METJA	28.571	259	149	7	532	1281	168	399	1.13e-08	60.5
KIHCAMGN_00034	sp|Q6D8T5|MACB_PECAS	36.283	113	64	2	946	1272	539	647	1.25e-05	51.2
KIHCAMGN_00034	sp|Q3B5J7|MACB_CHLL3	23.846	390	243	12	142	1272	313	661	3.40e-05	50.1
KIHCAMGN_00034	sp|Q2SMN9|MACB_HAHCH	32.110	109	74	0	946	1272	543	651	3.53e-05	50.1
KIHCAMGN_00034	sp|A1BE50|MACB_CHLPD	32.075	159	95	4	814	1272	503	654	4.36e-05	49.7
KIHCAMGN_00034	sp|A1K323|MACB_AZOSB	35.185	108	68	1	949	1272	548	653	3.48e-04	47.0
KIHCAMGN_00034	sp|Q88F88|PVDT_PSEPK	32.407	108	71	1	949	1272	546	651	6.96e-04	45.8
KIHCAMGN_00034	sp|Q82VK1|MACB_NITEU	35.135	111	66	2	946	1272	550	656	7.48e-04	45.8
KIHCAMGN_00034	sp|Q0PAR0|MACB_CAMJE	31.481	108	74	0	949	1272	531	638	8.37e-04	45.4
KIHCAMGN_00034	sp|Q5HVG3|MACB_CAMJR	31.481	108	74	0	949	1272	531	638	8.44e-04	45.4
KIHCAMGN_00035	sp|Q3ATR5|MACB_CHLCH	22.468	316	195	13	88	915	282	587	0.007	42.4
KIHCAMGN_00035	sp|Q58902|Y1507_METJA	21.184	321	189	16	85	927	31	327	0.016	40.8
KIHCAMGN_00036	sp|Q58903|Y1508_METJA	48.837	215	103	2	31	654	2	216	2.35e-67	210
KIHCAMGN_00036	sp|O34979|YVRO_BACSU	48.058	206	104	1	64	672	17	222	4.42e-61	194
KIHCAMGN_00036	sp|Q58206|Y796_METJA	45.238	210	107	3	67	672	18	227	3.64e-60	192
KIHCAMGN_00036	sp|A1U0A9|MACB_MARN8	47.297	222	110	2	19	663	3	224	4.48e-60	202
KIHCAMGN_00036	sp|Q3ATR5|MACB_CHLCH	48.585	212	105	1	64	687	20	231	1.14e-59	201
KIHCAMGN_00036	sp|Q8KFE9|MACB_CHLTE	48.804	209	105	1	67	687	18	226	6.09e-59	199
KIHCAMGN_00036	sp|O66646|LOLD_AQUAE	47.264	201	103	1	76	669	20	220	7.08e-58	186
KIHCAMGN_00036	sp|P0A9U0|YBBA_SHIFL	47.085	223	109	4	31	675	7	228	1.54e-57	185
KIHCAMGN_00036	sp|P0A9T8|YBBA_ECOLI	47.085	223	109	4	31	675	7	228	1.54e-57	185
KIHCAMGN_00036	sp|P0A9T9|YBBA_ECO57	47.085	223	109	4	31	675	7	228	1.54e-57	185
KIHCAMGN_00037	sp|Q73B22|RESA_BACC1	31.056	161	105	3	16	480	13	173	5.98e-18	79.3
KIHCAMGN_00037	sp|Q6HL81|RESA_BACHK	29.825	171	106	2	10	480	3	173	6.58e-18	79.3
KIHCAMGN_00037	sp|O31820|YNEN_BACSU	32.773	119	76	2	109	456	47	164	1.67e-17	78.2
KIHCAMGN_00037	sp|Q5WGY8|RESA_ALKCK	31.193	109	75	0	106	432	51	159	6.44e-16	74.3
KIHCAMGN_00037	sp|Q63DQ8|RESA_BACCZ	30.159	126	87	1	106	480	48	173	1.24e-15	73.6
KIHCAMGN_00037	sp|Q81FU5|RESA_BACCR	30.159	126	87	1	106	480	48	173	4.86e-15	72.0
KIHCAMGN_00037	sp|Q81SZ9|RESA_BACAN	30.159	126	87	1	106	480	48	173	5.35e-15	71.6
KIHCAMGN_00037	sp|A0RBT0|RESA_BACAH	30.159	126	87	1	106	480	48	173	5.35e-15	71.6
KIHCAMGN_00037	sp|Q9KCJ4|RESA_HALH5	30.631	111	74	3	106	432	49	158	1.56e-14	70.5
KIHCAMGN_00037	sp|Q5KXL9|RESA_GEOKA	31.667	120	77	2	106	456	49	166	4.04e-13	66.6
KIHCAMGN_00038	sp|Q7VM65|SYS_HAEDU	60.000	25	10	0	267	193	202	226	0.097	36.2
KIHCAMGN_00039	sp|P19926|AGP_ECOLI	90.698	86	8	0	70	327	24	109	1.43e-51	171
KIHCAMGN_00039	sp|O33921|AGP_SALTY	84.404	109	17	0	1	327	1	109	1.30e-49	166
KIHCAMGN_00039	sp|Q52309|AGP_PRORE	48.837	86	40	2	91	339	33	117	7.09e-22	92.4
KIHCAMGN_00039	sp|P07102|PPA_ECOLI	39.726	73	43	1	88	306	29	100	6.04e-11	61.6
KIHCAMGN_00039	sp|P51562|TETR8_PHODP	100.000	17	0	0	325	375	202	218	0.002	40.0
KIHCAMGN_00039	sp|P0ACT5|TETR4_SALOR	100.000	17	0	0	325	375	202	218	0.002	40.0
KIHCAMGN_00039	sp|P0ACT4|TETR4_ECOLX	100.000	17	0	0	325	375	202	218	0.002	40.0
KIHCAMGN_00040	sp|P0A045|T431_STAAW	39.130	230	129	6	1	684	1	221	2.46e-47	159
KIHCAMGN_00040	sp|P0A044|T431_STAAN	39.130	230	129	6	1	684	1	221	2.46e-47	159
KIHCAMGN_00040	sp|P0A043|T431_STAAM	39.130	230	129	6	1	684	1	221	2.46e-47	159
KIHCAMGN_00040	sp|P0C1L0|T431_STAA8	39.130	230	129	6	1	684	1	221	2.46e-47	159
KIHCAMGN_00040	sp|P14506|T257_STAAU	38.696	230	130	6	1	684	1	221	3.44e-46	156
KIHCAMGN_00040	sp|P37133|Y4551_YERPS	44.444	81	45	0	223	465	13	93	1.01e-20	87.0
KIHCAMGN_00040	sp|P03365|POL_MMTVB	32.911	79	47	2	202	429	1488	1563	0.006	41.2
KIHCAMGN_00040	sp|P12894|POL_IPMAI	29.114	79	50	2	202	429	559	634	0.040	38.9
KIHCAMGN_00040	sp|P11368|POL_IPMA	29.114	79	50	2	202	429	641	716	0.042	38.9
KIHCAMGN_00041	sp|P59444|INSC_SHIFL	97.222	108	3	0	40	363	14	121	5.00e-71	211
KIHCAMGN_00041	sp|P0C5W3|INSC_ECOLX	97.222	108	3	0	40	363	14	121	5.00e-71	211
KIHCAMGN_00041	sp|P0CF48|INSC9_ECOLI	97.222	108	3	0	40	363	14	121	5.00e-71	211
KIHCAMGN_00041	sp|P0CF47|INSC8_ECOLI	97.222	108	3	0	40	363	14	121	5.00e-71	211
KIHCAMGN_00041	sp|P0CF46|INSC7_ECOLI	97.222	108	3	0	40	363	14	121	5.00e-71	211
KIHCAMGN_00041	sp|P0CF45|INSC6_ECOLI	97.222	108	3	0	40	363	14	121	5.00e-71	211
KIHCAMGN_00041	sp|P0CF44|INSC5_ECOLI	97.222	108	3	0	40	363	14	121	5.00e-71	211
KIHCAMGN_00041	sp|P0CF43|INSC4_ECOLI	97.222	108	3	0	40	363	14	121	5.00e-71	211
KIHCAMGN_00041	sp|P0CF42|INSC3_ECOLI	97.222	108	3	0	40	363	14	121	5.00e-71	211
KIHCAMGN_00041	sp|P0CF41|INSC2_ECOLI	97.222	108	3	0	40	363	14	121	5.00e-71	211
KIHCAMGN_00044	sp|P56979|INTM_ECOLI	98.780	246	3	0	1	738	1	246	2.02e-179	495
KIHCAMGN_00044	sp|Q47036|INTL_ECOLX	97.154	246	7	0	1	738	1	246	2.61e-177	489
KIHCAMGN_00044	sp|P18021|REDM_ECOLX	47.826	253	111	6	16	720	7	256	2.09e-60	194
KIHCAMGN_00044	sp|P06615|REDF_ECOLI	46.693	257	117	5	10	726	13	267	6.51e-60	193
KIHCAMGN_00044	sp|P55632|Y4QK_SINFN	29.474	190	115	7	124	684	117	290	5.24e-11	65.1
KIHCAMGN_00044	sp|Q8TZV9|XERA_PYRFU	30.108	186	101	8	124	651	100	266	1.52e-10	63.5
KIHCAMGN_00044	sp|P55429|Y4EF_SINFN	29.787	188	108	7	124	669	60	229	5.87e-10	61.2
KIHCAMGN_00044	sp|Q7ZAM7|XERD_LEPIN	27.979	193	99	9	118	639	109	280	7.53e-10	61.6
KIHCAMGN_00044	sp|Q72SA5|XERD_LEPIC	27.979	193	99	9	118	639	109	280	7.53e-10	61.6
KIHCAMGN_00044	sp|B7IFN3|XER_THEAB	28.333	180	106	7	124	645	109	271	1.43e-09	60.5
KIHCAMGN_00045	sp|P0A253|REP12_SALTI	99.692	325	1	0	1	975	1	325	0.0	573
KIHCAMGN_00045	sp|P0A254|REP12_ECOLX	99.692	325	1	0	1	975	1	325	0.0	573
KIHCAMGN_00045	sp|Q51651|REP9_ECOLX	99.385	325	2	0	1	975	1	325	0.0	573
KIHCAMGN_00045	sp|Q57154|REPB_ECOLI	99.385	325	2	0	1	975	1	325	0.0	570
KIHCAMGN_00045	sp|Q52219|REP10_ECOLX	99.077	325	3	0	1	975	1	325	0.0	568
KIHCAMGN_00045	sp|Q52347|REP11_ECOLX	99.077	325	3	0	1	975	1	325	0.0	568
KIHCAMGN_00045	sp|Q934T6|REPA_SALTI	64.948	291	98	2	4	873	19	306	4.05e-120	352
KIHCAMGN_00045	sp|P24042|REP5_ECOLX	46.512	258	133	2	67	840	33	285	4.76e-79	245
KIHCAMGN_00045	sp|P05833|REPA_ECOLX	44.231	260	140	2	67	846	34	288	9.12e-74	232
KIHCAMGN_00046	sp|Q9JMS1|YUAT_ECOLI	80.488	82	12	2	46	291	47	124	1.34e-36	124
KIHCAMGN_00047	sp|P15025|ISTA_PSEAI	98.182	110	2	0	1	330	1	110	2.45e-73	226
KIHCAMGN_00047	sp|P16944|ISTA_SHISO	96.364	110	4	0	1	330	1	110	1.55e-72	221
KIHCAMGN_00047	sp|Q45618|TRA6_GEOSE	41.964	112	63	2	1	330	1	112	7.93e-20	86.3
KIHCAMGN_00048	sp|P18642|IMPB_SALTM	99.187	123	1	0	19	387	302	424	3.12e-86	260
KIHCAMGN_00048	sp|P23832|SAMB_SALTM	66.393	122	41	0	19	384	302	423	3.40e-55	181
KIHCAMGN_00048	sp|P22494|UMUC_SALTY	55.932	118	51	1	19	369	301	418	9.44e-39	137
KIHCAMGN_00048	sp|P04152|UMUC_ECOLI	55.085	118	52	1	19	369	301	418	8.27e-37	132
KIHCAMGN_00048	sp|P07375|MUCB_ECOLX	52.101	119	55	2	28	384	303	419	1.00e-31	119
KIHCAMGN_00048	sp|P14303|MUCB_SALTM	52.101	119	56	1	28	384	303	420	1.29e-28	110
KIHCAMGN_00048	sp|Q97MB3|DPO4_CLOAB	35.135	74	44	3	46	264	308	378	0.066	35.8
KIHCAMGN_00049	sp|P19766|INSB_SHISO	100.000	125	0	0	1	375	7	131	8.97e-90	259
KIHCAMGN_00049	sp|P59843|INSB_HAEDU	100.000	125	0	0	1	375	43	167	4.80e-89	258
KIHCAMGN_00049	sp|A0A385XJL4|INSB9_ECOLI	100.000	125	0	0	1	375	43	167	4.80e-89	258
KIHCAMGN_00049	sp|P0CF30|INSB8_ECOLI	100.000	125	0	0	1	375	43	167	4.80e-89	258
KIHCAMGN_00049	sp|P0CF29|INSB6_ECOLI	100.000	125	0	0	1	375	43	167	4.80e-89	258
KIHCAMGN_00049	sp|P0CF28|INSB5_ECOLI	100.000	125	0	0	1	375	43	167	4.80e-89	258
KIHCAMGN_00049	sp|P0CF25|INSB1_ECOLI	100.000	125	0	0	1	375	43	167	4.80e-89	258
KIHCAMGN_00049	sp|P0CF31|INSB_ECOLX	100.000	125	0	0	1	375	43	167	6.32e-89	258
KIHCAMGN_00049	sp|P03831|INBD_SHIDY	98.400	125	2	0	1	375	7	131	4.37e-88	254
KIHCAMGN_00049	sp|P57998|INSB4_ECOLI	98.400	125	2	0	1	375	43	167	3.28e-87	253
KIHCAMGN_00050	sp|Q57449|Y362_HAEIN	67.391	276	90	0	64	891	16	291	7.71e-142	404
KIHCAMGN_00050	sp|A4N8V8|HPF_HAEI3	67.391	276	90	0	64	891	16	291	7.71e-142	404
KIHCAMGN_00050	sp|Q56952|YFEA_YERPE	62.284	289	107	1	31	891	21	309	1.36e-137	394
KIHCAMGN_00050	sp|Q92AG1|MNTA_LISIN	35.786	299	181	3	19	891	13	308	3.72e-66	213
KIHCAMGN_00050	sp|Q8Y653|MNTA_LISMO	35.974	303	182	3	19	891	6	308	1.62e-65	211
KIHCAMGN_00050	sp|P31304|MTSA_STRSA	33.106	293	188	3	37	891	15	307	7.82e-62	201
KIHCAMGN_00050	sp|P31305|MTSA_STRPA	33.221	298	190	3	19	891	12	307	7.69e-61	199
KIHCAMGN_00050	sp|Q9L5W9|MTSA_STROR	31.507	292	193	2	37	891	16	307	4.92e-59	194
KIHCAMGN_00050	sp|Q9L5X1|MTSA_STRAP	31.507	292	193	2	37	891	16	307	5.24e-59	194
KIHCAMGN_00050	sp|Q9KFG3|MNTA_HALH5	32.313	294	194	2	19	894	9	299	4.83e-58	191
KIHCAMGN_00051	sp|Q56953|YFEB_YERPE	59.507	284	100	3	19	825	11	294	6.50e-119	345
KIHCAMGN_00051	sp|P44662|Y361_HAEIN	60.595	269	97	2	10	789	5	273	2.99e-113	331
KIHCAMGN_00051	sp|Q55281|MNTA_SYNY3	59.363	251	101	1	19	771	10	259	8.51e-103	303
KIHCAMGN_00051	sp|Q9KD30|MNTB_HALH5	42.169	249	138	4	25	771	7	249	1.33e-66	211
KIHCAMGN_00051	sp|O34338|MNTB_BACSU	44.068	236	129	2	19	726	4	236	6.06e-65	206
KIHCAMGN_00051	sp|P96117|TROB_TREPA	44.255	235	128	2	16	720	10	241	3.07e-63	202
KIHCAMGN_00051	sp|Q92AF9|MNTB_LISIN	40.000	230	135	2	25	714	3	229	8.90e-61	195
KIHCAMGN_00051	sp|Q8Y651|MNTB_LISMO	39.130	230	137	2	25	714	3	229	2.90e-60	194
KIHCAMGN_00051	sp|Q9PKX1|Y339_CHLMU	38.261	230	139	2	25	714	11	237	2.71e-55	182
KIHCAMGN_00051	sp|P48334|YCXD_CYAPA	40.000	230	135	2	25	714	11	237	4.86e-55	181
KIHCAMGN_00052	sp|Q56954|YFEC_YERPE	66.667	276	92	0	1	828	2	277	7.13e-104	307
KIHCAMGN_00052	sp|P44661|Y360_HAEIN	63.177	277	102	0	1	831	2	278	3.24e-94	282
KIHCAMGN_00052	sp|Q55282|MNTB_SYNY3	47.387	287	143	3	10	855	14	297	9.30e-66	211
KIHCAMGN_00052	sp|P44660|Y359_HAEIN	37.643	263	164	0	10	798	5	267	4.11e-47	161
KIHCAMGN_00052	sp|Q56955|YFED_YERPE	40.154	259	155	0	16	792	10	268	1.12e-45	159
KIHCAMGN_00052	sp|Q92AG0|MNTC_LISIN	38.806	268	164	0	25	828	9	276	5.35e-45	156
KIHCAMGN_00052	sp|Q9KD29|MNTC_HALH5	37.050	278	174	1	16	846	10	287	1.18e-43	153
KIHCAMGN_00052	sp|Q8Y652|MNTC_LISMO	38.148	270	163	2	25	828	9	276	1.33e-42	150
KIHCAMGN_00052	sp|P42361|MTSB_STRGN	32.584	267	180	0	28	828	12	278	1.07e-31	122
KIHCAMGN_00052	sp|P31309|MTSB_STRPA	30.435	276	186	1	25	852	11	280	1.53e-30	119
KIHCAMGN_00053	sp|Q56955|YFED_YERPE	49.829	293	135	1	1	843	4	296	4.10e-78	242
KIHCAMGN_00053	sp|P44660|Y359_HAEIN	51.311	267	130	0	13	813	5	271	4.02e-76	236
KIHCAMGN_00053	sp|Q55282|MNTB_SYNY3	43.262	282	154	1	13	840	14	295	5.91e-57	188
KIHCAMGN_00053	sp|Q9KD29|MNTC_HALH5	38.372	258	158	1	19	789	10	267	8.11e-43	151
KIHCAMGN_00053	sp|Q92AG0|MNTC_LISIN	37.931	261	161	1	10	789	2	262	1.83e-42	150
KIHCAMGN_00053	sp|Q8Y652|MNTC_LISMO	37.165	261	163	1	10	789	2	262	2.77e-40	144
KIHCAMGN_00053	sp|Q56954|YFEC_YERPE	35.836	293	180	1	1	855	1	293	1.22e-39	143
KIHCAMGN_00053	sp|P42361|MTSB_STRGN	33.955	268	177	0	28	831	11	278	1.29e-39	142
KIHCAMGN_00053	sp|P31309|MTSB_STRPA	35.472	265	171	0	28	822	11	275	8.89e-39	140
KIHCAMGN_00053	sp|P44661|Y360_HAEIN	36.879	282	170	3	1	825	1	281	1.31e-37	137
KIHCAMGN_00055	sp|P0CF10|INSA4_ECOLI	100.000	72	0	0	216	1	12	83	1.65e-49	153
KIHCAMGN_00055	sp|P0CF09|INSA3_ECOLI	100.000	72	0	0	216	1	12	83	1.65e-49	153
KIHCAMGN_00055	sp|P0CF06|INSA2_ECOLX	100.000	72	0	0	216	1	12	83	1.65e-49	153
KIHCAMGN_00055	sp|P0CF08|INSA2_ECOLI	100.000	72	0	0	216	1	12	83	1.65e-49	153
KIHCAMGN_00055	sp|P0ADH2|INSA_SHISO	98.611	72	1	0	216	1	12	83	9.75e-49	151
KIHCAMGN_00055	sp|P0ADH1|INSA_SALTI	98.611	72	1	0	216	1	12	83	9.75e-49	151
KIHCAMGN_00055	sp|P59842|INSA_HAEDU	98.611	72	1	0	216	1	12	83	9.75e-49	151
KIHCAMGN_00055	sp|A0A385XJ53|INSA9_ECOLI	98.611	72	1	0	216	1	12	83	9.75e-49	151
KIHCAMGN_00055	sp|P0CF13|INSA8_ECOLI	98.611	72	1	0	216	1	12	83	9.75e-49	151
KIHCAMGN_00055	sp|P0CF12|INSA6_ECOLI	98.611	72	1	0	216	1	12	83	9.75e-49	151
KIHCAMGN_00056	sp|P19766|INSB_SHISO	100.000	125	0	0	1	375	7	131	8.97e-90	259
KIHCAMGN_00056	sp|P59843|INSB_HAEDU	100.000	125	0	0	1	375	43	167	4.80e-89	258
KIHCAMGN_00056	sp|A0A385XJL4|INSB9_ECOLI	100.000	125	0	0	1	375	43	167	4.80e-89	258
KIHCAMGN_00056	sp|P0CF30|INSB8_ECOLI	100.000	125	0	0	1	375	43	167	4.80e-89	258
KIHCAMGN_00056	sp|P0CF29|INSB6_ECOLI	100.000	125	0	0	1	375	43	167	4.80e-89	258
KIHCAMGN_00056	sp|P0CF28|INSB5_ECOLI	100.000	125	0	0	1	375	43	167	4.80e-89	258
KIHCAMGN_00056	sp|P0CF25|INSB1_ECOLI	100.000	125	0	0	1	375	43	167	4.80e-89	258
KIHCAMGN_00056	sp|P0CF31|INSB_ECOLX	100.000	125	0	0	1	375	43	167	6.32e-89	258
KIHCAMGN_00056	sp|P03831|INBD_SHIDY	98.400	125	2	0	1	375	7	131	4.37e-88	254
KIHCAMGN_00056	sp|P57998|INSB4_ECOLI	98.400	125	2	0	1	375	43	167	3.28e-87	253
KIHCAMGN_00057	sp|P62556|SOPA_ECOLI	99.742	388	1	0	1	1164	1	388	0.0	801
KIHCAMGN_00057	sp|P62557|SOPA_ECO57	99.742	388	1	0	1	1164	1	388	0.0	801
KIHCAMGN_00057	sp|P55393|Y4CK_SINFN	28.133	391	257	9	28	1155	20	401	3.29e-36	139
KIHCAMGN_00057	sp|P05682|REPA_AGRRH	29.521	376	229	14	91	1155	40	400	1.10e-27	116
KIHCAMGN_00057	sp|P37522|SOJ_BACSU	35.294	187	103	5	322	870	4	176	1.66e-18	87.8
KIHCAMGN_00057	sp|B8GW31|PARA_CAUVN	31.602	231	133	10	322	996	8	219	9.41e-17	83.2
KIHCAMGN_00057	sp|P0CAV7|PARA_CAUVC	31.602	231	133	10	322	996	8	219	9.41e-17	83.2
KIHCAMGN_00057	sp|Q9K5N0|SOJ_HALH5	34.759	187	104	5	322	870	4	176	1.23e-16	82.4
KIHCAMGN_00057	sp|Q1DEM0|POMZ_MYXXD	28.253	269	170	9	292	1083	39	289	2.17e-14	77.0
KIHCAMGN_00057	sp|Q60283|Y3524_METJA	25.651	269	175	9	322	1107	3	253	1.60e-13	73.6
KIHCAMGN_00058	sp|P62558|SOPB_ECOLI	96.584	322	11	0	1	966	1	322	0.0	609
KIHCAMGN_00058	sp|P62559|SOPB_ECO57	96.584	322	11	0	1	966	1	322	0.0	609
KIHCAMGN_00058	sp|P0A248|VIRB_SHISO	35.616	146	83	6	229	651	50	189	2.32e-11	67.4
KIHCAMGN_00058	sp|P0A247|VIRB_SHIFL	35.616	146	83	6	229	651	50	189	2.32e-11	67.4
KIHCAMGN_00058	sp|P07621|PARB_ECOLX	35.088	171	104	6	151	651	39	206	5.69e-09	60.5
KIHCAMGN_00058	sp|P05683|REPB_AGRRH	29.730	111	72	2	265	579	69	179	0.013	40.8
KIHCAMGN_00059	sp|O82900|YUBH_ECO57	88.333	60	7	0	3	182	46	105	7.99e-29	105
KIHCAMGN_00059	sp|Q9JMR5|YUBH_ECOLI	86.667	60	7	1	3	182	45	103	1.16e-26	100
KIHCAMGN_00059	sp|F1MNN4|FBXW7_BOVIN	28.235	85	56	1	55	294	368	452	0.028	36.6
KIHCAMGN_00059	sp|Q969H0|FBXW7_HUMAN	28.235	85	56	1	55	294	369	453	0.028	36.6
KIHCAMGN_00059	sp|Q8VBV4|FBXW7_MOUSE	28.235	85	56	1	55	294	372	456	0.028	36.6
KIHCAMGN_00059	sp|D3Z902|FBXW7_RAT	28.235	85	56	1	55	294	375	459	0.035	36.2
KIHCAMGN_00061	sp|P59843|INSB_HAEDU	99.401	167	1	0	1	501	1	167	4.92e-123	346
KIHCAMGN_00061	sp|A0A385XJL4|INSB9_ECOLI	99.401	167	1	0	1	501	1	167	4.92e-123	346
KIHCAMGN_00061	sp|P0CF30|INSB8_ECOLI	99.401	167	1	0	1	501	1	167	4.92e-123	346
KIHCAMGN_00061	sp|P0CF29|INSB6_ECOLI	99.401	167	1	0	1	501	1	167	4.92e-123	346
KIHCAMGN_00061	sp|P0CF28|INSB5_ECOLI	99.401	167	1	0	1	501	1	167	4.92e-123	346
KIHCAMGN_00061	sp|P0CF25|INSB1_ECOLI	99.401	167	1	0	1	501	1	167	4.92e-123	346
KIHCAMGN_00061	sp|P0CF31|INSB_ECOLX	98.802	167	2	0	1	501	1	167	3.43e-122	344
KIHCAMGN_00061	sp|P57998|INSB4_ECOLI	97.605	167	4	0	1	501	1	167	1.18e-120	340
KIHCAMGN_00061	sp|P0CF27|INSB3_ECOLI	97.006	167	5	0	1	501	1	167	1.32e-119	337
KIHCAMGN_00061	sp|P0CF26|INSB2_ECOLI	97.006	167	5	0	1	501	1	167	1.32e-119	337
KIHCAMGN_00062	sp|P19257|PIV_MORLA	23.529	255	174	7	25	753	6	251	1.40e-10	63.9
KIHCAMGN_00062	sp|P20665|PIV_MORBO	23.137	255	175	7	25	753	6	251	3.73e-10	62.8
KIHCAMGN_00063	sp|Q9S4W7|YUBI_ECOLI	97.163	141	4	0	1	423	1	141	2.80e-89	258
KIHCAMGN_00063	sp|P52603|KLCA2_ECOLX	34.014	147	87	5	1	423	4	146	1.16e-09	56.6
KIHCAMGN_00063	sp|P52602|KLCA1_ECOLX	33.099	142	85	5	13	423	6	142	1.70e-08	53.1
KIHCAMGN_00063	sp|P52139|YFJX_ECOLI	32.847	137	80	4	28	423	23	152	3.02e-05	44.7
KIHCAMGN_00063	sp|P75676|YAFX_ECOLI	26.471	136	88	4	31	423	24	152	0.003	39.3
KIHCAMGN_00064	sp|P0C243|YUBJ_ECOLI	80.328	122	24	0	1	366	17	138	2.16e-58	179
KIHCAMGN_00064	sp|O82902|YUBJ_ECO57	80.328	122	24	0	1	366	17	138	2.16e-58	179
KIHCAMGN_00066	sp|A0A0P0VIP0|LRSK7_ORYSJ	45.946	37	20	0	177	67	539	575	0.033	35.0
KIHCAMGN_00066	sp|O64793|Y1675_ARATH	42.222	45	23	1	135	1	661	702	0.089	33.5
KIHCAMGN_00068	sp|B3EQT0|RSMA_CHLPB	32.653	98	60	2	88	369	19	114	7.55e-06	48.5
KIHCAMGN_00068	sp|D5DIV9|BIOC_PRIM3	24.852	169	118	6	28	522	5	168	1.22e-05	48.1
KIHCAMGN_00068	sp|P14385|MTTA_THEAQ	29.730	185	87	7	49	510	11	183	1.48e-05	48.1
KIHCAMGN_00068	sp|A3DBD7|BIOC_ACET2	30.303	99	66	2	145	432	41	139	2.41e-05	47.0
KIHCAMGN_00068	sp|Q81MB2|BIOC_BACAN	27.350	117	82	2	160	501	48	164	7.57e-05	45.8
KIHCAMGN_00068	sp|Q466S6|RSMA_METBF	29.204	113	69	4	88	417	28	132	1.49e-04	44.7
KIHCAMGN_00068	sp|Q8PU18|RSMA_METMA	29.204	113	69	4	88	417	18	122	2.48e-04	44.3
KIHCAMGN_00068	sp|Q7U7D3|RSMA_PARMW	31.068	103	61	4	85	369	13	113	2.78e-04	44.3
KIHCAMGN_00068	sp|P25201|MTA1_ACICA	28.205	117	76	4	70	399	24	139	3.73e-04	43.9
KIHCAMGN_00068	sp|Q8TQU8|RSMA_METAC	30.973	113	67	4	88	417	18	122	4.81e-04	43.1
KIHCAMGN_00071	sp|P28044|SSB7_ECOLX	98.857	175	2	0	1	525	1	175	8.17e-91	265
KIHCAMGN_00071	sp|P28043|SSB2_ECOLX	96.774	124	4	0	1	372	1	124	3.48e-83	246
KIHCAMGN_00071	sp|P18310|SSBF_ECOLI	96.774	124	4	0	1	372	1	124	7.90e-82	243
KIHCAMGN_00071	sp|P28045|SSBR_ECOLX	72.571	175	48	0	1	525	1	175	6.52e-77	230
KIHCAMGN_00071	sp|P18022|SSBP_ECOLX	73.143	175	47	0	1	525	1	175	7.68e-77	230
KIHCAMGN_00071	sp|P0AGE3|SSB_SHIFL	57.303	178	73	2	1	525	1	178	1.26e-59	186
KIHCAMGN_00071	sp|P0AGE0|SSB_ECOLI	57.303	178	73	2	1	525	1	178	1.26e-59	186
KIHCAMGN_00071	sp|P0AGE1|SSB_ECOL6	57.303	178	73	2	1	525	1	178	1.26e-59	186
KIHCAMGN_00071	sp|P0AGE2|SSB_ECO57	57.303	178	73	2	1	525	1	178	1.26e-59	186
KIHCAMGN_00071	sp|P28046|SSB_PROMI	70.732	123	35	1	1	366	1	123	1.32e-59	186
KIHCAMGN_00072	sp|Q5QJF4|YUBL_SALTM	100.000	77	0	0	1	231	3	79	1.21e-53	163
KIHCAMGN_00072	sp|Q5J3W6|YUBL_SALCH	96.104	77	3	0	1	231	3	79	2.26e-51	158
KIHCAMGN_00072	sp|Q1R1U5|YUBL_ECOUT	84.416	77	12	0	1	231	3	79	1.67e-44	140
KIHCAMGN_00072	sp|Q9JMR3|YUBL1_ECOLI	83.117	77	13	0	1	231	3	79	3.84e-44	139
KIHCAMGN_00072	sp|Q9ZGR9|YUBL_ECO57	80.519	77	15	0	1	231	3	79	3.13e-43	137
KIHCAMGN_00072	sp|Q5JBK6|YUBL2_ECOLX	80.519	77	15	0	1	231	3	79	2.11e-42	135
KIHCAMGN_00072	sp|Q1CC63|YUBL_YERPN	64.935	77	24	1	1	231	1	74	1.06e-30	105
KIHCAMGN_00072	sp|Q7ARC3|YUBL_YERPE	64.935	77	24	1	1	231	1	74	1.06e-30	105
KIHCAMGN_00072	sp|Q1BZY8|YUBL_YERPA	64.935	77	24	1	1	231	1	74	1.06e-30	105
KIHCAMGN_00072	sp|Q93GP6|YUBL_SALTY	67.143	70	23	0	22	231	9	78	6.47e-30	103
KIHCAMGN_00073	sp|Q9ZGR8|YUBM_ECO57	93.712	652	41	0	1	1956	1	652	0.0	1162
KIHCAMGN_00073	sp|Q9S4W2|YUBM_ECOLI	92.485	652	49	0	1	1956	1	652	0.0	1138
KIHCAMGN_00073	sp|Q72H91|SP0J_THET2	34.444	180	109	4	73	606	11	183	9.29e-09	60.5
KIHCAMGN_00073	sp|Q9JXP5|PARB_NEIMB	29.341	167	107	4	172	663	50	208	3.25e-06	53.1
KIHCAMGN_00073	sp|Q9JW77|PARB_NEIMA	29.341	167	107	4	172	663	50	208	4.62e-06	52.8
KIHCAMGN_00073	sp|Q9ZK75|PARB_HELPJ	25.862	174	107	5	106	603	34	193	1.79e-05	50.8
KIHCAMGN_00073	sp|O25758|PARB_HELPY	26.437	174	106	5	106	603	34	193	2.33e-05	50.4
KIHCAMGN_00073	sp|Q9PLN9|PARB_CHLMU	26.042	192	129	7	76	630	1	186	0.004	43.5
KIHCAMGN_00073	sp|Q1RGT4|PARB_RICBR	24.607	191	115	7	73	600	9	185	0.009	42.4
KIHCAMGN_00074	sp|P10032|PSIB2_ECOLX	93.056	144	10	0	1	432	1	144	4.62e-86	251
KIHCAMGN_00074	sp|P10031|PSIB1_ECOLI	92.308	143	11	0	1	429	1	143	1.15e-84	247
KIHCAMGN_00075	sp|P18148|PSIA1_ECOLI	99.163	239	2	0	1	717	1	239	2.38e-160	446
KIHCAMGN_00075	sp|P17976|PSIA2_ECOLX	97.490	239	6	0	1	717	1	239	7.30e-157	437
KIHCAMGN_00076	sp|P13971|SOK_ECOLX	100.000	41	0	0	138	16	34	74	6.97e-24	87.0
KIHCAMGN_00077	sp|P60046|INSJ_SHIFL	100.000	173	0	0	1	519	1	173	1.46e-125	353
KIHCAMGN_00077	sp|P19768|INSJ_ECOLI	100.000	173	0	0	1	519	1	173	1.46e-125	353
KIHCAMGN_00077	sp|Q57066|Y1720_HAEIN	29.630	108	76	0	13	336	22	129	1.96e-11	62.8
KIHCAMGN_00077	sp|Q47309|YI9A_ECOLX	27.160	162	107	4	13	495	2	153	1.03e-09	58.2
KIHCAMGN_00077	sp|Q48585|YI3A_LACJH	25.714	175	121	4	13	519	3	174	7.19e-08	53.1
KIHCAMGN_00077	sp|Q50239|YI6A_MYCMI	25.874	143	102	2	82	501	27	168	2.32e-07	51.6
KIHCAMGN_00078	sp|P19769|INSK_ECOLI	99.502	201	1	0	1	603	83	283	1.16e-150	422
KIHCAMGN_00078	sp|P19770|YI5C_ECOLX	99.153	118	1	0	369	16	1	118	3.89e-80	237
KIHCAMGN_00078	sp|O05086|Y1721_HAEIN	56.122	196	85	1	1	588	20	214	2.23e-78	236
KIHCAMGN_00078	sp|Q79CE8|T1353_SHIFL	42.162	185	103	2	37	582	324	507	1.92e-46	162
KIHCAMGN_00078	sp|Q9JMT3|INSF7_ECOLI	37.778	180	111	1	49	585	106	285	3.54e-33	123
KIHCAMGN_00078	sp|P16940|YIS2_SHISO	34.896	192	119	2	28	585	75	266	4.17e-33	122
KIHCAMGN_00078	sp|P0CF85|INSF_ECO11	37.222	180	112	1	49	585	106	285	1.09e-32	122
KIHCAMGN_00078	sp|P0CF84|INSF6_ECOLI	37.222	180	112	1	49	585	106	285	1.09e-32	122
KIHCAMGN_00078	sp|P0CF83|INSF5_ECOLI	37.222	180	112	1	49	585	106	285	1.09e-32	122
KIHCAMGN_00078	sp|P0CF82|INSF4_ECOLI	37.222	180	112	1	49	585	106	285	1.09e-32	122
KIHCAMGN_00079	sp|P11895|HOK_ECOLX	100.000	52	0	0	1	156	1	52	2.25e-32	108
KIHCAMGN_00079	sp|P62670|FLMA_ECOLI	98.077	52	1	0	1	156	1	52	1.91e-31	105
KIHCAMGN_00079	sp|P62671|FLMA_ECO57	98.077	52	1	0	1	156	1	52	1.91e-31	105
KIHCAMGN_00079	sp|P23587|FLMC2_ECOLX	100.000	50	0	0	3	152	21	70	3.94e-30	103
KIHCAMGN_00079	sp|P11519|FLMC1_ECOLI	92.000	50	4	0	3	152	21	70	5.91e-27	95.1
KIHCAMGN_00079	sp|P77494|HOKB_ECOLI	54.167	48	22	0	7	150	1	48	4.52e-12	57.0
KIHCAMGN_00079	sp|Q7UCD5|HOKD_SHIFL	44.898	49	26	1	1	147	1	48	3.86e-09	49.7
KIHCAMGN_00079	sp|P0ACG6|HOKD_ECOLI	44.898	49	26	1	1	147	1	48	3.86e-09	49.7
KIHCAMGN_00079	sp|P0ACG7|HOKD_ECO57	44.898	49	26	1	1	147	1	48	3.86e-09	49.7
KIHCAMGN_00079	sp|P0ACG5|HOKC_SHIFL	38.298	47	29	0	10	150	3	49	3.50e-08	47.0
KIHCAMGN_00080	sp|P51565|TNP9_ECOLX	99.621	792	3	0	1	2376	197	988	0.0	1508
KIHCAMGN_00080	sp|P06695|TNP5_PSEAI	99.116	792	7	0	1	2376	197	988	0.0	1501
KIHCAMGN_00080	sp|P13694|TNP7_ECOLX	76.933	789	180	2	1	2361	197	985	0.0	1193
KIHCAMGN_00080	sp|P06694|TNP2_ECOLX	76.010	792	189	1	1	2376	197	987	0.0	1185
KIHCAMGN_00080	sp|P08504|TNP5_ECOLX	58.418	784	323	3	16	2361	201	983	0.0	887
KIHCAMGN_00080	sp|Q06238|TNP6_ENTFC	41.065	789	449	7	19	2364	208	987	0.0	612
KIHCAMGN_00080	sp|P10021|TNPA_BACTU	40.152	792	441	8	34	2364	208	981	0.0	585
KIHCAMGN_00080	sp|Q00037|TNPA_ECOLI	32.709	801	519	11	1	2364	201	994	3.00e-105	349
KIHCAMGN_00080	sp|P03008|TNP3_ECOLX	31.904	793	525	11	19	2361	217	1006	4.72e-100	335
KIHCAMGN_00080	sp|P20189|TNPA_STRFR	28.588	843	505	19	16	2361	78	884	5.01e-65	236
KIHCAMGN_00081	sp|P62594|BLAT_SALTI	100.000	286	0	0	1	858	1	286	0.0	561
KIHCAMGN_00081	sp|P62593|BLAT_ECOLX	100.000	286	0	0	1	858	1	286	0.0	561
KIHCAMGN_00081	sp|Q48406|BLAT_KLEOX	99.650	286	1	0	1	858	1	286	0.0	558
KIHCAMGN_00081	sp|P0AD64|BLA1_KLEPN	65.493	284	98	0	7	858	1	284	1.02e-129	372
KIHCAMGN_00081	sp|P0AD63|BLA1_ECOLX	65.493	284	98	0	7	858	1	284	1.02e-129	372
KIHCAMGN_00081	sp|Q9S424|BLA13_KLEPN	65.141	284	99	0	7	858	1	284	1.85e-129	372
KIHCAMGN_00081	sp|P0AA00|BLA2_SALTM	65.141	284	99	0	7	858	1	284	1.94e-129	372
KIHCAMGN_00081	sp|P0A9Z8|BLA2_KLEPN	65.141	284	99	0	7	858	1	284	1.94e-129	372
KIHCAMGN_00081	sp|O08337|BLA8_ECOLX	65.141	284	99	0	7	858	1	284	4.07e-129	371
KIHCAMGN_00081	sp|P0A9Z9|BLA2_KLEPO	65.141	284	99	0	7	858	1	284	8.12e-129	370
KIHCAMGN_00082	sp|P0A045|T431_STAAW	39.130	230	129	6	1	684	1	221	2.46e-47	159
KIHCAMGN_00082	sp|P0A044|T431_STAAN	39.130	230	129	6	1	684	1	221	2.46e-47	159
KIHCAMGN_00082	sp|P0A043|T431_STAAM	39.130	230	129	6	1	684	1	221	2.46e-47	159
KIHCAMGN_00082	sp|P0C1L0|T431_STAA8	39.130	230	129	6	1	684	1	221	2.46e-47	159
KIHCAMGN_00082	sp|P14506|T257_STAAU	38.696	230	130	6	1	684	1	221	3.44e-46	156
KIHCAMGN_00082	sp|P37133|Y4551_YERPS	44.444	81	45	0	223	465	13	93	1.01e-20	87.0
KIHCAMGN_00082	sp|P03365|POL_MMTVB	32.911	79	47	2	202	429	1488	1563	0.006	41.2
KIHCAMGN_00082	sp|P12894|POL_IPMAI	29.114	79	50	2	202	429	559	634	0.040	38.9
KIHCAMGN_00082	sp|P11368|POL_IPMA	29.114	79	50	2	202	429	641	716	0.042	38.9
KIHCAMGN_00083	sp|P26837|YPS1_ECOLX	100.000	78	0	0	473	240	1	78	2.24e-50	159
KIHCAMGN_00083	sp|Q18B70|ATSE_CLOD6	29.293	99	56	3	302	21	59	148	6.72e-07	50.1
KIHCAMGN_00083	sp|O31513|YESJ_BACSU	24.306	144	94	4	440	45	20	160	3.83e-05	45.4
KIHCAMGN_00083	sp|Q0TF35|YPEA_ECOL5	25.850	147	89	5	449	18	3	132	6.57e-05	44.3
KIHCAMGN_00083	sp|P76539|YPEA_ECOLI	25.850	147	89	5	449	18	3	132	7.57e-05	43.9
KIHCAMGN_00083	sp|Q31Y46|YPEA_SHIBS	25.850	147	89	5	449	18	3	132	8.63e-05	43.9
KIHCAMGN_00083	sp|Q3YZA9|YPEA_SHISS	25.850	147	89	5	449	18	3	132	8.89e-05	43.9
KIHCAMGN_00083	sp|P63422|YPEA_SHIFL	25.850	147	89	5	449	18	3	132	8.89e-05	43.9
KIHCAMGN_00083	sp|Q0T275|YPEA_SHIF8	25.850	147	89	5	449	18	3	132	8.89e-05	43.9
KIHCAMGN_00083	sp|Q32DB9|YPEA_SHIDS	25.850	147	89	5	449	18	3	132	8.89e-05	43.9
KIHCAMGN_00084	sp|P0C003|DHP1_PSEAI	100.000	22	0	0	178	113	258	279	6.88e-07	47.0
KIHCAMGN_00084	sp|P0C002|DHP1_ECOLX	100.000	22	0	0	178	113	258	279	6.88e-07	47.0
KIHCAMGN_00084	sp|P0C004|DHP1_CORGT	100.000	22	0	0	178	113	258	279	6.88e-07	47.0
KIHCAMGN_00084	sp|Q49184|DHP1_MYCFO	100.000	22	0	0	178	113	262	283	7.19e-07	47.0
KIHCAMGN_00084	sp|Q5H8B9|FREM3_MOUSE	38.462	52	30	1	19	168	1322	1373	0.096	32.7
KIHCAMGN_00085	sp|P0C003|DHP1_PSEAI	100.000	279	0	0	1	837	1	279	0.0	553
KIHCAMGN_00085	sp|P0C002|DHP1_ECOLX	100.000	279	0	0	1	837	1	279	0.0	553
KIHCAMGN_00085	sp|P0C004|DHP1_CORGT	100.000	279	0	0	1	837	1	279	0.0	553
KIHCAMGN_00085	sp|Q49184|DHP1_MYCFO	100.000	278	0	0	4	837	6	283	0.0	551
KIHCAMGN_00085	sp|P0AC12|DHP2_SHIFL	53.516	256	117	2	4	771	5	258	1.88e-74	231
KIHCAMGN_00085	sp|P0AC11|DHP2_ECOLX	53.516	256	117	2	4	771	5	258	1.88e-74	231
KIHCAMGN_00085	sp|P73248|DHPS_SYNY3	35.081	248	153	6	10	744	30	272	4.79e-31	120
KIHCAMGN_00085	sp|P0AC15|DHPS_SHIFL	31.301	246	163	4	10	744	17	257	3.50e-30	117
KIHCAMGN_00085	sp|P0AC13|DHPS_ECOLI	31.301	246	163	4	10	744	17	257	3.50e-30	117
KIHCAMGN_00085	sp|P0AC14|DHPS_ECOL6	31.301	246	163	4	10	744	17	257	3.50e-30	117
KIHCAMGN_00086	sp|P0AA23|EBR_SALTM	100.000	115	0	0	1	345	1	115	1.58e-74	219
KIHCAMGN_00086	sp|P0AA24|EBR_PSEAI	100.000	115	0	0	1	345	1	115	1.58e-74	219
KIHCAMGN_00086	sp|P0AA22|EBR_ECOLX	100.000	115	0	0	1	345	1	115	1.58e-74	219
KIHCAMGN_00086	sp|P0AGD0|QACE_KLEAE	97.917	96	2	0	1	288	1	96	9.14e-59	179
KIHCAMGN_00086	sp|P0AGC9|QACE_ECOLX	97.917	96	2	0	1	288	1	96	9.14e-59	179
KIHCAMGN_00086	sp|Q9X2N9|QACF_KLEAE	71.875	96	27	0	1	288	1	96	6.09e-46	147
KIHCAMGN_00086	sp|P23895|EMRE_ECOLI	43.860	114	59	1	1	342	1	109	1.44e-22	87.8
KIHCAMGN_00086	sp|O32227|YVAE_BACSU	48.936	94	48	0	7	288	2	95	2.35e-22	87.4
KIHCAMGN_00086	sp|Q9HUH5|MTDTR_PSEAE	48.485	99	51	0	1	297	1	99	4.99e-21	84.0
KIHCAMGN_00086	sp|P0CW81|EBRA_BACAT	44.898	98	54	0	7	300	4	101	1.53e-20	82.4
KIHCAMGN_00087	sp|P11731|DYR5_ECOLX	99.363	157	1	0	1	471	1	157	1.98e-116	328
KIHCAMGN_00087	sp|P00382|DYR1_ECOLX	74.522	157	40	0	1	471	1	157	4.76e-87	254
KIHCAMGN_00087	sp|P78218|DYR15_ECOLX	75.159	157	39	0	1	471	1	157	5.43e-86	251
KIHCAMGN_00087	sp|P27422|DYR7_ECOLX	64.968	157	55	0	1	471	1	157	6.07e-75	223
KIHCAMGN_00087	sp|P95524|DYR6_PROMI	59.873	157	63	0	1	471	1	157	1.58e-65	200
KIHCAMGN_00087	sp|Q59408|DYR13_ECOLX	36.076	158	98	3	1	468	6	162	9.22e-25	96.7
KIHCAMGN_00087	sp|P0ABQ6|DYR_SHIFL	33.750	160	97	5	7	468	2	158	2.07e-22	90.5
KIHCAMGN_00087	sp|P0ABQ4|DYR_ECOLI	33.750	160	97	5	7	468	2	158	2.07e-22	90.5
KIHCAMGN_00087	sp|P0ABQ5|DYR_ECOL6	33.750	160	97	5	7	468	2	158	2.07e-22	90.5
KIHCAMGN_00087	sp|P31073|DYR_CITFR	34.375	160	96	5	7	468	2	158	6.28e-22	89.4
KIHCAMGN_00088	sp|P62592|INT2_SALTI	100.000	337	0	0	1	1011	1	337	0.0	650
KIHCAMGN_00088	sp|P62591|INT2_PSEAI	100.000	337	0	0	1	1011	1	337	0.0	650
KIHCAMGN_00088	sp|P62590|INT2_ECOLX	100.000	337	0	0	1	1011	1	337	0.0	650
KIHCAMGN_00088	sp|P10018|YPR2_ECOLX	99.237	131	1	0	486	94	1	131	1.47e-89	267
KIHCAMGN_00088	sp|P55632|Y4QK_SINFN	31.481	324	174	9	22	990	17	293	1.87e-31	123
KIHCAMGN_00088	sp|Q04A03|XERC_LACDB	36.612	183	81	3	397	945	132	279	2.41e-26	109
KIHCAMGN_00088	sp|Q1G9V2|XERC_LACDA	36.612	183	81	3	397	945	132	279	2.41e-26	109
KIHCAMGN_00088	sp|Q71Y59|XERD_LISMF	33.224	304	150	11	88	954	19	284	2.50e-26	109
KIHCAMGN_00088	sp|P46352|XERD_BACSU	37.778	180	76	4	412	951	139	282	9.96e-26	107
KIHCAMGN_00088	sp|Q48733|XERC_LACLE	36.066	183	82	3	397	945	132	279	1.92e-25	107
KIHCAMGN_00089	sp|P0A045|T431_STAAW	39.130	230	129	6	1	684	1	221	2.46e-47	159
KIHCAMGN_00089	sp|P0A044|T431_STAAN	39.130	230	129	6	1	684	1	221	2.46e-47	159
KIHCAMGN_00089	sp|P0A043|T431_STAAM	39.130	230	129	6	1	684	1	221	2.46e-47	159
KIHCAMGN_00089	sp|P0C1L0|T431_STAA8	39.130	230	129	6	1	684	1	221	2.46e-47	159
KIHCAMGN_00089	sp|P14506|T257_STAAU	38.696	230	130	6	1	684	1	221	3.44e-46	156
KIHCAMGN_00089	sp|P37133|Y4551_YERPS	44.444	81	45	0	223	465	13	93	1.01e-20	87.0
KIHCAMGN_00089	sp|P03365|POL_MMTVB	32.911	79	47	2	202	429	1488	1563	0.006	41.2
KIHCAMGN_00089	sp|P12894|POL_IPMAI	29.114	79	50	2	202	429	559	634	0.040	38.9
KIHCAMGN_00089	sp|P11368|POL_IPMA	29.114	79	50	2	202	429	641	716	0.042	38.9
KIHCAMGN_00090	sp|P16942|T629_SHISO	98.649	148	2	0	1	444	149	296	6.61e-104	301
KIHCAMGN_00090	sp|P9WKH9|TRA9_MYCTU	53.425	146	61	2	1	417	125	270	2.54e-50	165
KIHCAMGN_00090	sp|A5TY79|TRA9_MYCTA	53.425	146	61	2	1	417	125	270	2.54e-50	165
KIHCAMGN_00090	sp|P59800|TRA9_MYCBO	53.425	146	61	2	1	417	125	270	2.54e-50	165
KIHCAMGN_00090	sp|P9WKH8|TRA9_MYCTO	52.740	146	62	2	1	417	125	270	2.27e-49	162
KIHCAMGN_00090	sp|P11257|T341_ECOLX	96.226	53	2	0	119	277	188	240	5.90e-35	84.7
KIHCAMGN_00090	sp|P35878|T904_LACLA	35.766	137	86	2	1	405	114	250	1.88e-21	90.1
KIHCAMGN_00090	sp|P0CF85|INSF_ECO11	32.353	136	90	2	1	402	148	283	3.47e-17	79.3
KIHCAMGN_00090	sp|P0CF84|INSF6_ECOLI	32.353	136	90	2	1	402	148	283	3.47e-17	79.3
KIHCAMGN_00090	sp|P0CF83|INSF5_ECOLI	32.353	136	90	2	1	402	148	283	3.47e-17	79.3
KIHCAMGN_00091	sp|Q47688|YKFC_ECOLI	98.916	369	4	0	1	1107	1	369	0.0	730
KIHCAMGN_00091	sp|P0A3U1|LTRA_LACLM	31.481	378	200	10	91	1083	32	397	4.28e-50	184
KIHCAMGN_00091	sp|P0A3U0|LTRA_LACLC	31.481	378	200	10	91	1083	32	397	4.28e-50	184
KIHCAMGN_00091	sp|P38478|YMF40_MARPO	36.228	334	173	9	94	1011	12	333	2.44e-49	180
KIHCAMGN_00091	sp|P03876|AI2M_YEAST	30.864	324	173	7	133	1011	310	613	9.45e-43	166
KIHCAMGN_00091	sp|B1N1A3|NICA1_PSEP6	31.389	360	196	9	40	1002	17	364	6.81e-37	147
KIHCAMGN_00091	sp|P03875|AI1M_YEAST	32.710	321	175	9	130	1011	271	577	9.58e-36	145
KIHCAMGN_00091	sp|P05511|YMC6_SCHPO	27.960	397	227	12	223	1263	284	671	2.64e-35	144
KIHCAMGN_00091	sp|P19593|RDPO_TETOB	27.313	454	245	19	106	1410	69	456	2.44e-31	131
KIHCAMGN_00091	sp|Q9FJR9|NMAT2_ARATH	22.153	483	271	15	100	1275	106	574	2.70e-23	107
KIHCAMGN_00092	sp|P75680|INSO1_ECOLI	95.652	23	1	0	370	302	119	141	1.18e-07	50.4
KIHCAMGN_00093	sp|P16942|T629_SHISO	94.928	138	7	0	1	414	2	139	1.78e-93	276
KIHCAMGN_00093	sp|P11257|T341_ECOLX	93.478	138	9	0	1	414	2	139	5.47e-92	270
KIHCAMGN_00093	sp|P9WKH8|TRA9_MYCTO	51.667	120	52	2	58	414	1	115	1.04e-27	107
KIHCAMGN_00093	sp|P9WKH9|TRA9_MYCTU	51.667	120	52	2	58	414	1	115	1.10e-27	107
KIHCAMGN_00093	sp|A5TY79|TRA9_MYCTA	51.667	120	52	2	58	414	1	115	1.10e-27	107
KIHCAMGN_00093	sp|P59800|TRA9_MYCBO	51.667	120	52	2	58	414	1	115	1.10e-27	107
KIHCAMGN_00093	sp|P75680|INSO1_ECOLI	34.722	144	88	1	46	477	4	141	3.24e-23	92.0
KIHCAMGN_00093	sp|P19769|INSK_ECOLI	30.769	143	91	2	1	426	1	136	7.71e-13	67.8
KIHCAMGN_00093	sp|P16940|YIS2_SHISO	33.871	124	76	3	46	414	1	119	2.02e-08	55.5
KIHCAMGN_00093	sp|Q79CE8|T1353_SHIFL	29.371	143	79	4	7	411	231	359	1.08e-06	50.8
KIHCAMGN_00094	sp|P0A1V3|YIS3_SHISO	98.148	108	2	0	1	324	1	108	1.75e-50	158
KIHCAMGN_00094	sp|P0A1V2|YIS3_SHIFL	98.148	108	2	0	1	324	1	108	1.75e-50	158
KIHCAMGN_00094	sp|Q51647|YISX_BURM1	60.748	107	41	1	1	321	1	106	3.35e-29	104
KIHCAMGN_00094	sp|P9WKH5|YIA4_MYCTU	52.475	101	43	4	16	312	8	105	6.87e-16	70.5
KIHCAMGN_00094	sp|P9WKH4|YIA4_MYCTO	52.475	101	43	4	16	312	8	105	6.87e-16	70.5
KIHCAMGN_00094	sp|A5TY80|YIA4_MYCTA	52.475	101	43	4	16	312	8	105	6.87e-16	70.5
KIHCAMGN_00094	sp|P59801|YIA4_MYCBO	52.475	101	43	4	16	312	8	105	6.87e-16	70.5
KIHCAMGN_00094	sp|P19771|YIA1_MYCTX	52.632	38	18	0	10	123	6	43	5.67e-07	46.6
KIHCAMGN_00095	sp|P15025|ISTA_PSEAI	100.000	83	0	0	1	249	1	83	2.63e-54	175
KIHCAMGN_00095	sp|P16944|ISTA_SHISO	97.590	83	2	0	1	249	1	83	1.10e-53	172
KIHCAMGN_00095	sp|Q45618|TRA6_GEOSE	42.169	83	46	2	1	243	1	83	2.67e-12	63.5
KIHCAMGN_00095	sp|P39343|IDNR_ECOLI	30.645	62	43	0	37	222	1	62	0.008	37.0
KIHCAMGN_00097	sp|P53516|AFAB_ECOLX	50.877	228	107	2	1	672	12	238	2.00e-76	234
KIHCAMGN_00097	sp|P46004|AGGD_ECOLX	48.858	219	107	2	97	741	31	248	2.32e-74	229
KIHCAMGN_00097	sp|P46738|NFAE_ECOLX	49.123	228	111	2	1	672	12	238	2.79e-71	221
KIHCAMGN_00097	sp|P69966|PSAB_YERPS	44.569	267	127	7	1	741	5	270	1.16e-66	210
KIHCAMGN_00097	sp|P69965|PSAB_YERPE	44.569	267	127	7	1	741	5	270	1.16e-66	210
KIHCAMGN_00097	sp|P33407|MYFB_YEREN	39.689	257	134	6	13	741	16	265	6.37e-63	201
KIHCAMGN_00097	sp|P26926|CAF1M_YERPE	44.545	220	109	5	109	735	35	252	2.17e-62	199
KIHCAMGN_00097	sp|P15483|CS31_ECOLX	35.981	214	133	3	94	729	24	235	6.29e-43	149
KIHCAMGN_00097	sp|P33387|SEFB_SALEN	34.272	213	133	5	91	723	34	241	1.18e-35	130
KIHCAMGN_00097	sp|P31697|FIMC_ECOLI	34.314	204	122	5	115	720	38	231	1.54e-32	122
KIHCAMGN_00098	sp|P53517|AFAC_ECOLX	50.883	849	407	4	28	2550	13	859	0.0	896
KIHCAMGN_00098	sp|P46005|AGGC_ECOLX	49.702	839	414	5	49	2550	7	842	0.0	815
KIHCAMGN_00098	sp|P26949|CAF1A_YERPE	40.947	845	462	16	67	2550	6	830	0.0	626
KIHCAMGN_00098	sp|Q56983|PSAC_YERPS	41.560	859	445	15	43	2547	11	836	0.0	615
KIHCAMGN_00098	sp|P31527|PSAC_YERPE	41.560	859	445	15	43	2547	11	836	0.0	615
KIHCAMGN_00098	sp|P33408|MYFC_YEREN	39.629	863	476	16	10	2547	6	840	0.0	597
KIHCAMGN_00098	sp|P33388|SEFC_SALEN	38.407	841	477	18	31	2532	4	810	1.60e-175	530
KIHCAMGN_00098	sp|P43662|LPFC_SALTY	34.262	861	521	18	10	2547	11	841	9.68e-155	477
KIHCAMGN_00098	sp|P42915|YRAJ_ECOLI	33.493	836	515	18	70	2547	33	837	5.71e-141	441
KIHCAMGN_00098	sp|P75857|ELFC_ECOLI	31.676	865	543	18	46	2547	18	865	3.74e-134	424
KIHCAMGN_00099	sp|Q47038|AFAD_ECOLX	32.558	129	84	3	25	408	16	142	2.70e-14	68.6
KIHCAMGN_00099	sp|P46006|AGGB_ECOLX	31.783	129	85	3	25	408	14	140	7.12e-09	54.3
KIHCAMGN_00101	sp|P0CF61|INSD9_ECOLI	95.349	301	14	0	1	903	7	307	0.0	595
KIHCAMGN_00101	sp|P0CF64|IND12_ECOLI	95.349	301	14	0	1	903	7	307	0.0	595
KIHCAMGN_00101	sp|P0CF63|IND11_ECOLI	95.349	301	14	0	1	903	7	307	0.0	595
KIHCAMGN_00101	sp|P0CF62|IND10_ECOLI	95.349	301	14	0	1	903	7	307	0.0	595
KIHCAMGN_00101	sp|P0C5W5|INSD_ECOLX	95.017	301	15	0	1	903	1	301	0.0	593
KIHCAMGN_00101	sp|P0CF59|INSD7_ECOLI	95.017	301	15	0	1	903	1	301	0.0	593
KIHCAMGN_00101	sp|P0CF58|INSD6_ECOLI	95.017	301	15	0	1	903	1	301	0.0	593
KIHCAMGN_00101	sp|P0CF57|INSD5_ECOLI	95.017	301	15	0	1	903	1	301	0.0	593
KIHCAMGN_00101	sp|P0CF56|INSD4_ECOLI	95.017	301	15	0	1	903	1	301	0.0	593
KIHCAMGN_00101	sp|P0CF55|INSD3_ECOLI	95.017	301	15	0	1	903	1	301	0.0	593
KIHCAMGN_00102	sp|P59444|INSC_SHIFL	100.000	121	0	0	1	363	1	121	4.45e-84	244
KIHCAMGN_00102	sp|P0C5W3|INSC_ECOLX	100.000	121	0	0	1	363	1	121	4.45e-84	244
KIHCAMGN_00102	sp|P0CF48|INSC9_ECOLI	100.000	121	0	0	1	363	1	121	4.45e-84	244
KIHCAMGN_00102	sp|P0CF47|INSC8_ECOLI	100.000	121	0	0	1	363	1	121	4.45e-84	244
KIHCAMGN_00102	sp|P0CF46|INSC7_ECOLI	100.000	121	0	0	1	363	1	121	4.45e-84	244
KIHCAMGN_00102	sp|P0CF45|INSC6_ECOLI	100.000	121	0	0	1	363	1	121	4.45e-84	244
KIHCAMGN_00102	sp|P0CF44|INSC5_ECOLI	100.000	121	0	0	1	363	1	121	4.45e-84	244
KIHCAMGN_00102	sp|P0CF43|INSC4_ECOLI	100.000	121	0	0	1	363	1	121	4.45e-84	244
KIHCAMGN_00102	sp|P0CF42|INSC3_ECOLI	100.000	121	0	0	1	363	1	121	4.45e-84	244
KIHCAMGN_00102	sp|P0CF41|INSC2_ECOLI	100.000	121	0	0	1	363	1	121	4.45e-84	244
KIHCAMGN_00103	sp|Q0T8X4|YJIK_ECOL5	37.037	135	78	3	19	408	148	280	2.59e-20	87.0
KIHCAMGN_00103	sp|Q31T09|YJIK_SHIBS	37.037	135	78	3	19	408	148	280	5.04e-20	86.3
KIHCAMGN_00103	sp|P39382|YJIK_ECOLI	36.296	135	79	3	19	408	148	280	6.15e-20	86.3
KIHCAMGN_00103	sp|Q8FA95|YJIK_ECOL6	36.296	135	79	3	19	408	148	280	6.21e-20	86.3
KIHCAMGN_00103	sp|A1AJL2|YJIK_ECOK1	36.296	135	79	3	19	408	148	280	6.21e-20	86.3
KIHCAMGN_00103	sp|Q1R2G9|YJIK_ECOUT	36.296	135	79	3	19	408	148	280	1.34e-19	85.1
KIHCAMGN_00103	sp|Q8XB94|YJIK_ECO57	35.556	135	80	3	22	411	143	275	1.61e-18	82.4
KIHCAMGN_00104	sp|P0A2T3|VIRF_SHISO	57.432	148	63	0	19	462	113	260	1.75e-61	193
KIHCAMGN_00104	sp|P0A2T1|VIRF_SHIFL	57.432	148	63	0	19	462	113	260	1.75e-61	193
KIHCAMGN_00104	sp|P0A2T2|VIRF_SHIDY	57.432	148	63	0	19	462	113	260	1.75e-61	193
KIHCAMGN_00104	sp|P23774|FAPR_ECOLX	47.200	125	66	0	73	447	124	248	4.69e-35	125
KIHCAMGN_00104	sp|P43464|AGGR_ECOLX	41.667	156	84	2	7	465	113	264	1.69e-32	119
KIHCAMGN_00104	sp|P25393|CFAD_ECOLX	43.411	129	73	0	82	468	137	265	1.96e-31	116
KIHCAMGN_00104	sp|P16114|RNS_ECOLX	43.411	129	73	0	82	468	137	265	7.07e-31	115
KIHCAMGN_00104	sp|P43459|PERA_ECO27	42.188	128	74	0	64	447	135	262	2.07e-28	108
KIHCAMGN_00104	sp|P43460|CSVR_ECOLX	44.340	106	59	0	130	447	155	260	2.96e-25	101
KIHCAMGN_00104	sp|Q8FCI7|GADW_ECOL6	36.111	144	87	3	25	447	92	233	1.48e-20	87.8
KIHCAMGN_00105	sp|P0A2T3|VIRF_SHISO	47.945	73	36	1	221	3	1	71	7.44e-16	72.8
KIHCAMGN_00105	sp|P0A2T1|VIRF_SHIFL	47.945	73	36	1	221	3	1	71	7.44e-16	72.8
KIHCAMGN_00105	sp|P0A2T2|VIRF_SHIDY	47.945	73	36	1	221	3	1	71	7.44e-16	72.8
KIHCAMGN_00105	sp|P23774|FAPR_ECOLX	36.000	50	32	0	182	33	6	55	3.41e-05	43.5
KIHCAMGN_00105	sp|P43460|CSVR_ECOLX	32.692	52	35	0	182	27	17	68	0.002	38.5
KIHCAMGN_00105	sp|P43464|AGGR_ECOLX	32.143	56	37	1	182	15	17	71	0.036	35.0
KIHCAMGN_00107	sp|O34451|YVRB_BACSU	36.478	318	194	3	94	1029	32	347	3.68e-29	118
KIHCAMGN_00107	sp|P49936|FHUB_BACSU	33.968	315	195	6	97	1032	78	382	1.63e-26	111
KIHCAMGN_00107	sp|A6TAH6|BTUC_KLEP7	34.375	288	187	2	172	1035	45	330	3.74e-24	104
KIHCAMGN_00107	sp|B5BA35|BTUC_SALPK	35.971	278	176	2	193	1026	49	324	1.26e-22	100
KIHCAMGN_00107	sp|Q5PH87|BTUC_SALPA	35.971	278	176	2	193	1026	49	324	1.26e-22	100
KIHCAMGN_00107	sp|Q8Z6I5|BTUC_SALTI	35.612	278	177	2	193	1026	49	324	1.34e-22	99.8
KIHCAMGN_00107	sp|A8AHA4|BTUC_CITK8	35.714	280	178	2	193	1032	52	329	1.49e-22	99.8
KIHCAMGN_00107	sp|Q8ZPS8|BTUC_SALTY	35.612	278	177	2	193	1026	49	324	1.65e-22	99.8
KIHCAMGN_00107	sp|B4TUF7|BTUC_SALSV	35.612	278	177	2	193	1026	49	324	1.65e-22	99.8
KIHCAMGN_00107	sp|A9N235|BTUC_SALPB	35.612	278	177	2	193	1026	49	324	1.65e-22	99.8
KIHCAMGN_00108	sp|P15031|FECE_ECOLI	39.759	249	147	1	1	738	1	249	2.49e-60	194
KIHCAMGN_00108	sp|Q81V82|FPUD_BACAN	39.184	245	145	1	13	735	7	251	3.96e-59	191
KIHCAMGN_00108	sp|P23878|FEPC_ECOLI	38.367	245	147	1	13	735	10	254	3.76e-57	186
KIHCAMGN_00108	sp|P49938|FHUC_BACSU	37.349	249	152	1	4	738	3	251	3.12e-55	181
KIHCAMGN_00108	sp|O32188|YUSV_BACSU	35.887	248	155	1	4	735	5	252	2.34e-52	174
KIHCAMGN_00108	sp|O34510|YFMF_BACSU	35.484	248	156	1	7	738	4	251	1.79e-51	171
KIHCAMGN_00108	sp|Q47087|CBRD_DICD3	36.585	246	152	1	4	729	3	248	1.42e-49	167
KIHCAMGN_00108	sp|Q88DY1|HMUV_PSEPK	38.889	252	142	3	16	747	5	252	1.28e-48	164
KIHCAMGN_00108	sp|Q81LM1|FPUC_BACAN	36.220	254	152	4	7	753	2	250	1.39e-47	162
KIHCAMGN_00108	sp|Q7N3S7|HMUV_PHOLL	35.632	261	152	4	1	753	8	262	1.76e-47	161
KIHCAMGN_00109	sp|P9WJX5|Y849_MYCTU	38.849	278	155	6	46	858	16	285	6.32e-22	100
KIHCAMGN_00109	sp|P9WJX4|Y849_MYCTO	38.849	278	155	6	46	858	16	285	6.32e-22	100
KIHCAMGN_00109	sp|C6DFD4|MDTH_PECCP	31.769	277	180	4	1	828	1	269	6.89e-18	88.6
KIHCAMGN_00109	sp|A9N5P5|MDTH_SALPB	28.832	274	162	4	49	828	15	269	1.58e-17	87.4
KIHCAMGN_00109	sp|B5BBC3|MDTH_SALPK	28.832	274	162	4	49	828	15	269	1.59e-17	87.4
KIHCAMGN_00109	sp|Q5PGW7|MDTH_SALPA	28.832	274	162	4	49	828	15	269	1.59e-17	87.4
KIHCAMGN_00109	sp|B4T2Z8|MDTH_SALNS	28.832	274	162	4	49	828	15	269	1.59e-17	87.4
KIHCAMGN_00109	sp|B4TET8|MDTH_SALHS	28.832	274	162	4	49	828	15	269	1.59e-17	87.4
KIHCAMGN_00109	sp|B5QXZ9|MDTH_SALEP	28.832	274	162	4	49	828	15	269	1.59e-17	87.4
KIHCAMGN_00109	sp|B5FKZ8|MDTH_SALDC	28.832	274	162	4	49	828	15	269	1.59e-17	87.4
KIHCAMGN_00113	sp|P03848|YPRR_ECOLX	100.000	15	0	0	2	46	114	128	0.012	35.8
KIHCAMGN_00115	sp|P37414|YTL1_SALTY	61.905	126	48	0	91	468	1	126	1.04e-49	164
KIHCAMGN_00115	sp|P41060|CP81_BP186	37.895	190	110	3	253	801	1	189	5.66e-34	125
KIHCAMGN_00115	sp|Q89AN3|DPO3E_BUCBP	21.608	199	131	6	313	843	8	203	3.55e-09	59.7
KIHCAMGN_00115	sp|Q68W16|DPO3E_RICTY	29.885	174	112	4	301	801	3	173	6.98e-09	58.5
KIHCAMGN_00115	sp|Q9ZCJ9|DPO3E_RICPR	30.058	173	111	4	301	798	3	172	7.25e-09	58.5
KIHCAMGN_00115	sp|Q1RJM1|DPO3E_RICBR	33.663	101	61	2	301	585	3	103	5.23e-08	55.8
KIHCAMGN_00115	sp|Q92GL1|DPO3E_RICCN	34.653	101	60	2	301	585	3	103	5.54e-08	55.8
KIHCAMGN_00115	sp|Q4UN31|DPO3E_RICFE	34.653	101	60	2	301	585	3	103	1.17e-07	55.1
KIHCAMGN_00115	sp|P57337|DPO3E_BUCAI	23.837	172	102	6	313	774	7	167	2.40e-07	54.3
KIHCAMGN_00115	sp|Q08880|DPO3E_BUCAP	27.711	83	57	1	400	648	47	126	2.85e-07	53.9
KIHCAMGN_00116	sp|P50360|Y4HP_SINFN	40.161	498	273	6	88	1515	44	538	9.59e-110	340
KIHCAMGN_00116	sp|P55504|Y4JD_SINFN	35.425	494	304	6	76	1515	8	500	1.52e-89	286
KIHCAMGN_00116	sp|P55630|Y4QI_SINFN	35.688	538	299	8	7	1515	6	531	1.79e-89	287
KIHCAMGN_00116	sp|Q9JMT1|YUAH_ECOLI	62.727	110	41	0	919	1248	1	110	3.67e-41	146
KIHCAMGN_00116	sp|Q9JMS9|YUAK_ECOLI	57.778	45	19	0	1363	1497	47	91	7.96e-08	53.5
KIHCAMGN_00116	sp|P55364|Y4AQ_SINFN	32.374	139	85	5	118	513	15	151	1.53e-07	55.1
KIHCAMGN_00117	sp|P50359|Y4HO_SINFN	55.660	106	45	1	10	321	2	107	3.30e-38	127
KIHCAMGN_00117	sp|P55503|Y4JC_SINFN	35.644	101	65	0	19	321	7	107	1.25e-19	80.5
KIHCAMGN_00118	sp|P59444|INSC_SHIFL	38.462	52	32	0	55	210	18	69	1.09e-05	45.1
KIHCAMGN_00118	sp|P0C5W3|INSC_ECOLX	38.462	52	32	0	55	210	18	69	1.09e-05	45.1
KIHCAMGN_00118	sp|P0CF48|INSC9_ECOLI	38.462	52	32	0	55	210	18	69	1.09e-05	45.1
KIHCAMGN_00118	sp|P0CF47|INSC8_ECOLI	38.462	52	32	0	55	210	18	69	1.09e-05	45.1
KIHCAMGN_00118	sp|P0CF46|INSC7_ECOLI	38.462	52	32	0	55	210	18	69	1.09e-05	45.1
KIHCAMGN_00118	sp|P0CF45|INSC6_ECOLI	38.462	52	32	0	55	210	18	69	1.09e-05	45.1
KIHCAMGN_00118	sp|P0CF44|INSC5_ECOLI	38.462	52	32	0	55	210	18	69	1.09e-05	45.1
KIHCAMGN_00118	sp|P0CF43|INSC4_ECOLI	38.462	52	32	0	55	210	18	69	1.09e-05	45.1
KIHCAMGN_00118	sp|P0CF42|INSC3_ECOLI	38.462	52	32	0	55	210	18	69	1.09e-05	45.1
KIHCAMGN_00118	sp|P0CF41|INSC2_ECOLI	38.462	52	32	0	55	210	18	69	1.09e-05	45.1
KIHCAMGN_00119	sp|P59445|INSE_SHIFL	98.990	99	1	0	1	297	1	99	7.30e-65	193
KIHCAMGN_00119	sp|P0ADH4|INSEP_ECO11	98.990	99	1	0	1	297	1	99	7.30e-65	193
KIHCAMGN_00119	sp|P0CF73|INSEC_ECO11	98.990	99	1	0	1	297	1	99	7.30e-65	193
KIHCAMGN_00119	sp|P0CF72|INSE7_ECOLI	98.990	99	1	0	1	297	1	99	7.30e-65	193
KIHCAMGN_00119	sp|P0CF71|INSE6_ECOLI	98.990	99	1	0	1	297	1	99	7.30e-65	193
KIHCAMGN_00119	sp|P0CF70|INSE5_ECOLI	98.990	99	1	0	1	297	1	99	7.30e-65	193
KIHCAMGN_00119	sp|P0CF69|INSE4_ECOLI	98.990	99	1	0	1	297	1	99	7.30e-65	193
KIHCAMGN_00119	sp|P0CF68|INSE3_ECOLI	98.990	99	1	0	1	297	1	99	7.30e-65	193
KIHCAMGN_00119	sp|P0CF67|INSE2_ECOLI	98.990	99	1	0	1	297	1	99	7.30e-65	193
KIHCAMGN_00119	sp|P0CF66|INSE1_ECOLI	98.990	99	1	0	1	297	1	99	7.30e-65	193
KIHCAMGN_00120	sp|P0CF85|INSF_ECO11	99.515	206	1	0	1	618	1	206	3.87e-152	426
KIHCAMGN_00120	sp|P0CF84|INSF6_ECOLI	99.515	206	1	0	1	618	1	206	3.87e-152	426
KIHCAMGN_00120	sp|P0CF83|INSF5_ECOLI	99.515	206	1	0	1	618	1	206	3.87e-152	426
KIHCAMGN_00120	sp|P0CF82|INSF4_ECOLI	99.515	206	1	0	1	618	1	206	3.87e-152	426
KIHCAMGN_00120	sp|P0CF81|INSF3_ECOLI	99.515	206	1	0	1	618	1	206	3.87e-152	426
KIHCAMGN_00120	sp|P0CF80|INSF2_ECOLI	99.515	206	1	0	1	618	1	206	3.87e-152	426
KIHCAMGN_00120	sp|P0CF79|INSF1_ECOLI	99.515	206	1	0	1	618	1	206	3.87e-152	426
KIHCAMGN_00120	sp|Q9JMT3|INSF7_ECOLI	98.058	206	4	0	1	618	1	206	3.69e-148	416
KIHCAMGN_00120	sp|P16940|YIS2_SHISO	39.683	189	112	1	52	618	1	187	5.66e-41	143
KIHCAMGN_00120	sp|P35878|T904_LACLA	42.353	170	96	2	112	618	4	172	2.12e-33	123
KIHCAMGN_00121	sp|Q47688|YKFC_ECOLI	98.645	369	5	0	1	1107	1	369	0.0	728
KIHCAMGN_00121	sp|P0A3U1|LTRA_LACLM	31.481	378	200	10	91	1083	32	397	3.71e-50	184
KIHCAMGN_00121	sp|P0A3U0|LTRA_LACLC	31.481	378	200	10	91	1083	32	397	3.71e-50	184
KIHCAMGN_00121	sp|P38478|YMF40_MARPO	36.228	334	173	9	94	1011	12	333	2.23e-49	180
KIHCAMGN_00121	sp|P03876|AI2M_YEAST	30.864	324	173	7	133	1011	310	613	9.54e-43	166
KIHCAMGN_00121	sp|B1N1A3|NICA1_PSEP6	28.810	479	259	15	40	1278	17	479	5.56e-37	147
KIHCAMGN_00121	sp|P03875|AI1M_YEAST	32.710	321	175	9	130	1011	271	577	1.02e-35	145
KIHCAMGN_00121	sp|P05511|YMC6_SCHPO	27.960	397	227	12	223	1263	284	671	2.93e-35	144
KIHCAMGN_00121	sp|P19593|RDPO_TETOB	27.313	454	245	19	106	1410	69	456	2.30e-31	131
KIHCAMGN_00121	sp|Q9FJR9|NMAT2_ARATH	22.153	483	271	15	100	1275	106	574	4.67e-23	106
KIHCAMGN_00122	sp|P75680|INSO1_ECOLI	95.652	23	1	0	370	302	119	141	1.18e-07	50.4
KIHCAMGN_00123	sp|P16942|T629_SHISO	98.611	72	1	0	1	216	68	139	5.00e-43	144
KIHCAMGN_00123	sp|P11257|T341_ECOLX	97.222	72	2	0	1	216	68	139	3.48e-42	140
KIHCAMGN_00123	sp|P75680|INSO1_ECOLI	41.935	93	54	0	1	279	49	141	4.60e-20	81.6
KIHCAMGN_00123	sp|P9WKH9|TRA9_MYCTU	56.944	72	30	1	4	216	44	115	7.29e-18	78.6
KIHCAMGN_00123	sp|A5TY79|TRA9_MYCTA	56.944	72	30	1	4	216	44	115	7.29e-18	78.6
KIHCAMGN_00123	sp|P59800|TRA9_MYCBO	56.944	72	30	1	4	216	44	115	7.29e-18	78.6
KIHCAMGN_00123	sp|P9WKH8|TRA9_MYCTO	56.944	72	30	1	4	216	44	115	7.44e-18	78.6
KIHCAMGN_00123	sp|P19769|INSK_ECOLI	32.857	70	47	0	4	213	61	130	2.57e-05	44.3
KIHCAMGN_00123	sp|O05086|Y1721_HAEIN	31.746	63	43	0	25	213	5	67	8.23e-05	42.7
KIHCAMGN_00123	sp|Q47718|INSO2_ECOLI	30.159	63	44	0	28	216	57	119	0.004	38.1
KIHCAMGN_00124	sp|P55501|Y4JA_SINFN	40.574	488	286	3	19	1476	10	495	2.38e-107	332
KIHCAMGN_00124	sp|P0A135|TRA6_SHIFL	24.907	269	173	9	574	1338	193	446	2.59e-09	63.2
KIHCAMGN_00124	sp|P0A134|TRA6_PSEAI	24.907	269	173	9	574	1338	193	446	2.59e-09	63.2
KIHCAMGN_00124	sp|Q46087|TRAT_AMIAI	26.250	320	206	12	574	1473	190	499	4.52e-08	59.3
KIHCAMGN_00124	sp|P55379|Y4BL_SINFN	30.935	139	86	4	646	1038	233	369	3.34e-04	47.0
KIHCAMGN_00125	sp|P55500|Y4IQ_SINFN	43.043	230	131	0	31	720	17	246	1.40e-59	193
KIHCAMGN_00125	sp|Q45619|ISTB_GEOSE	34.649	228	148	1	37	720	11	237	4.20e-45	154
KIHCAMGN_00125	sp|P15026|ISTB_PSEAI	33.755	237	156	1	10	720	1	236	1.76e-38	138
KIHCAMGN_00125	sp|Q99338|ISTB_BACTB	31.000	200	137	1	121	720	42	240	6.06e-32	120
KIHCAMGN_00125	sp|Q50701|Y3427_MYCTU	31.683	202	136	2	118	720	41	241	3.90e-26	105
KIHCAMGN_00125	sp|Q45120|ISTB_BACFG	29.730	222	151	2	55	720	30	246	3.03e-21	92.8
KIHCAMGN_00125	sp|P55923|ISTB_BURM1	30.808	198	135	2	130	720	43	239	1.62e-20	90.5
KIHCAMGN_00125	sp|P55380|Y4BM_SINFN	26.840	231	167	2	31	720	15	244	6.49e-20	89.4
KIHCAMGN_00125	sp|Q53200|Y4UH_SINFN	29.353	201	141	1	118	720	39	238	1.31e-18	85.5
KIHCAMGN_00125	sp|P55617|Y4PL_SINFN	29.130	230	162	1	31	720	10	238	2.55e-18	84.7
KIHCAMGN_00126	sp|P0A1V3|YIS3_SHISO	98.148	108	2	0	1	324	1	108	1.75e-50	158
KIHCAMGN_00126	sp|P0A1V2|YIS3_SHIFL	98.148	108	2	0	1	324	1	108	1.75e-50	158
KIHCAMGN_00126	sp|Q51647|YISX_BURM1	60.748	107	41	1	1	321	1	106	3.35e-29	104
KIHCAMGN_00126	sp|P9WKH5|YIA4_MYCTU	52.475	101	43	4	16	312	8	105	6.87e-16	70.5
KIHCAMGN_00126	sp|P9WKH4|YIA4_MYCTO	52.475	101	43	4	16	312	8	105	6.87e-16	70.5
KIHCAMGN_00126	sp|A5TY80|YIA4_MYCTA	52.475	101	43	4	16	312	8	105	6.87e-16	70.5
KIHCAMGN_00126	sp|P59801|YIA4_MYCBO	52.475	101	43	4	16	312	8	105	6.87e-16	70.5
KIHCAMGN_00126	sp|P19771|YIA1_MYCTX	52.632	38	18	0	10	123	6	43	5.67e-07	46.6
KIHCAMGN_00127	sp|P24607|T801_PSESH	59.302	86	35	0	1	258	323	408	1.49e-29	111
KIHCAMGN_00128	sp|Q8Z740|YNCE_SALTI	27.914	326	204	12	142	1107	41	339	6.97e-28	115
KIHCAMGN_00128	sp|Q8ZPD6|YNCE_SALTY	27.607	326	205	12	142	1107	41	339	2.06e-27	114
KIHCAMGN_00128	sp|Q8X9X2|YNCE_ECO57	26.480	321	205	13	142	1092	41	334	2.63e-22	100
KIHCAMGN_00128	sp|P76116|YNCE_ECOLI	26.168	321	206	13	142	1092	41	334	6.84e-22	99.4
KIHCAMGN_00128	sp|P49026|GBLP_TOBAC	26.724	116	63	4	832	1119	211	324	0.055	39.3
KIHCAMGN_00129	sp|P45114|Y1217_HAEIN	27.242	591	318	16	751	2259	347	913	8.68e-50	192
KIHCAMGN_00129	sp|Q7DDB6|Y1497_NEIMB	27.500	560	300	14	751	2175	325	863	1.08e-45	179
KIHCAMGN_00129	sp|Q7VNU1|TDHA_HAEDU	21.561	756	472	23	106	2172	22	723	3.07e-18	93.2
KIHCAMGN_00129	sp|P44523|TDHA_HAEIN	22.562	687	432	22	274	2172	88	728	9.12e-12	72.4
KIHCAMGN_00129	sp|Q4QP67|TDHA_HAEI8	22.886	686	432	23	274	2172	88	729	3.07e-11	70.9
KIHCAMGN_00129	sp|Q8FUN0|BHUA_BRUSU	25.301	249	145	8	1	717	1	218	3.08e-06	54.7
KIHCAMGN_00129	sp|Q8YDS0|BHUA_BRUME	24.900	249	146	8	1	717	1	218	7.51e-06	53.5
KIHCAMGN_00129	sp|P31499|HEMR_YEREN	35.789	95	47	3	1384	1626	428	522	1.32e-05	52.8
KIHCAMGN_00129	sp|Q01996|TBPA_NEIGO	25.581	215	148	6	1	627	4	212	1.47e-05	52.4
KIHCAMGN_00129	sp|Q576D7|BHUA_BRUAB	24.900	249	146	8	1	717	1	218	2.18e-05	52.0
KIHCAMGN_00130	sp|Q05613|TONB_PSEPU	38.525	122	68	2	403	768	126	240	3.59e-18	84.3
KIHCAMGN_00130	sp|Q9ZH79|TONB_PASMU	28.261	92	62	1	493	768	167	254	1.37e-06	52.0
KIHCAMGN_00130	sp|O52042|TONB_VIBCH	34.568	81	47	2	535	771	167	243	0.003	42.0
KIHCAMGN_00130	sp|Q9ZJP4|TONB_HELPJ	28.571	91	58	2	505	774	195	279	0.004	41.6
KIHCAMGN_00130	sp|O25899|TONB_HELPY	28.571	91	58	2	505	774	200	284	0.004	41.6
KIHCAMGN_00130	sp|P42872|TONB_HAEIN	31.884	69	46	1	478	681	176	244	0.005	41.2
KIHCAMGN_00135	sp|P08701|IMMI_ECOLX	98.592	71	1	0	1	213	1	71	9.72e-48	149
KIHCAMGN_00139	sp|P0A1V3|YIS3_SHISO	97.802	91	2	0	1	273	18	108	3.56e-36	121
KIHCAMGN_00139	sp|P0A1V2|YIS3_SHIFL	97.802	91	2	0	1	273	18	108	3.56e-36	121
KIHCAMGN_00139	sp|Q51647|YISX_BURM1	58.889	90	36	1	1	270	18	106	1.11e-14	66.6
KIHCAMGN_00139	sp|P9WKH5|YIA4_MYCTU	51.136	88	40	3	1	261	20	105	6.23e-06	44.3
KIHCAMGN_00139	sp|P9WKH4|YIA4_MYCTO	51.136	88	40	3	1	261	20	105	6.23e-06	44.3
KIHCAMGN_00139	sp|A5TY80|YIA4_MYCTA	51.136	88	40	3	1	261	20	105	6.23e-06	44.3
KIHCAMGN_00139	sp|P59801|YIA4_MYCBO	51.136	88	40	3	1	261	20	105	6.23e-06	44.3
